gene_refseq,gene_locus,gene_coord,nearest_memory_peak,dist_to_TSS_bp,n_memory_peaks
NM_001001182,L17392,chr2:59899363-60125740(-),chr2:60096533-60097087,-1925,1
NM_001001488,L4339,chr18:64528979-64661000(-),chr18:64676322-64676989,15655,1
NM_001001880,L21882,chr1:165592176-165634541(-),chr1:165583625-165584017,-50720,1
NM_001001892,L22305,chr17:33996012-34000347(-),chr17:33991706-33992441,-8260,1
NM_001001932,L18597,chr10:95940663-96045518(+),chr10:95923067-95925163,-16548,1
NM_001001981,L6676,chr1:78657825-78707743(+),chr1:78609282-78610021,-48174,1
NM_001002011,L12747,chr3:88481148-88503352(-),chr3:88488361-88489169,-4547,1
NM_001002927,L9,chr4:4133536-4138815(-),chr4:4130748-4132313,-6915,1
NM_001003912,L16766,chr3:87617559-87738039(+),chr3:87620169-87621987,3519,1
NM_001003919,L23473,chr17:66123520-66152174(+),chr17:66235045-66236051,112028,1
NM_001003955,L13413,chr6:85334962-85374634(-),chr6:85346221-85346720,10097,1
NM_001004144,L10906,chr11:77493288-77507774(+),chr11:77492665-77493327,-292,1
NM_001004177,L12955,chr3:108390848-108415579(-),chr3:108414946-108416328,58,1
NM_001004761,L9003,chr2:21367567-21830542(+),chr2:21293042-21294541,-73776,1
NM_001005343,L9271,chr2:73271926-73275771(+),chr2:73277840-73279139,6563,1
NM_001005424,L17223,chr2:25575416-25580099(-),chr2:25581347-25582200,1674,1
NM_001005608,L11276,chr11:115974725-116008411(+),chr11:115969872-115971267,-4156,1
NM_001007472,L23890,chr6:85423886-85428877(+),chr6:85410481-85411251,-13020,1
NM_001008542,L20390,chr19:53310506-53373293(+),chr19:53325516-53326175,-3568,1
NM_001008548,L15697,chr7:101421691-101512829(+),chr7:101450078-101451194,116,1
NM_001009948,L17942,chr2:152368755-152376605(-),chr2:152363471-152364136,-12802,1
NM_001010930,L13226,chr6:39801807-39810936(-),chr6:39781490-39782882,-28750,1
NM_001011782,L12102,chr7:102476773-102477902(-),chr7:102479241-102480114,1775,1
NM_001012309,L5955,chr11:77044292-77078437(-),chr11:77117046-77118836,39504,1
NM_001012402,L23103,chr17:24752988-24758684(+),chr17:24745463-24746140,-7187,1
NM_001013580,L8938,chr8:127064056-127612286(+),chr8:127328840-127329297,29456,1
NM_001013767,L22435,chr17:45630204-45659309(-),chr17:45663103-45663852,4168,1
NM_001013774,L5078,chr5:144983727-145009636(-),chr5:144988627-144989479,-18998,1
NM_001013792,L16107,chr15:27605921-27630693(-),chr15:27612655-27613902,-17415,1
NM_001014973,L19669,chr12:35047189-35147477(+),chr12:35054793-35055911,8163,1
NM_001015046,L5932,chr11:74383357-74610915(-),chr11:74483151-74484190,-39131,1
NM_001017525,L18547,chr10:85386814-85660292(+),chr10:85486578-85487000,99975,1
NM_001017968,L550,chr4:133606992-133633429(-),chr4:133649605-133650711,16729,1
NM_001024458,L2582,chr5:34573664-34632308(+),chr5:34581900-34582549,8073,1
NM_001024602,L20005,chr12:112722174-112746591(+),chr12:112706731-112707646,-14986,1
NM_001024703,L11948,chr7:72077830-72306595(-),chr7:72143260-72144372,-162779,1
NM_001024928,L15073,chr7:6286580-6307883(+),chr7:6282837-6284025,-3149,1
NM_001024955,L24689,chr13:101680761-101768217(-),chr13:101685988-101686742,-6265,1
NM_001025067,L12912,chr3:104453983-104511918(-),chr3:104441667-104442464,-69853,1
NM_001025074,L10245,chr13:58806569-59133970(+),chr13:58882808-58883414,75414,1
NM_001025245,L22924,chr18:82475123-82585637(+),chr18:82513714-82515008,39238,1
NM_001025309,L22541,chr17:64281006-64331883(-),chr17:64362070-64363095,30699,1
NM_001025426,L2567,chr5:32863721-32994233(+),chr5:32930435-32931333,67163,1
NM_001025427,L23158,chr17:27556574-27563672(+),chr17:27555216-27557933,0,1
NM_001025438,L17032,chr3:126596951-126846326(+),chr3:126624697-126625634,28214,1
NM_001025559,L12276,chr7:115470872-116038744(-),chr7:115579879-115581788,-220776,1
NM_001025600,L14581,chr9:47530170-47853391(+),chr9:47514259-47515228,-15427,1
NM_001025612,L1128,chr9:66065174-66069759(-),chr9:66068687-66070428,-174,1
NM_001029836,L13034,chr3:132881745-132950291(-),chr3:132976913-132977767,27049,1
NM_001029841,L16206,chr15:66780819-66831829(-),chr15:66857474-66858464,26140,1
NM_001029843,L19920,chr12:106010263-106077426(+),chr12:105962635-105963506,-47193,1
NM_001029876,L8918,chr8:124021497-124048505(+),chr8:124045754-124046352,23412,2
NM_001029889,L21204,chr16:44173397-44227466(+),chr16:44239864-44240968,67019,1
NM_001029890,L16783,chr3:88531946-88541394(+),chr3:88531320-88532064,-254,1
NM_001029895,L12389,chr7:130391494-130520369(-),chr7:130533383-130534031,13338,1
NM_001029929,L10818,chr11:70459433-70466201(+),chr11:70458485-70459254,-564,1
NM_001033135,L21448,chr1:39551296-39577347(-),chr1:39598106-39599165,21288,1
NM_001033159,L18779,chr16:3861544-3872374(-),chr16:3865251-3866635,-6431,1
NM_001033167,L24375,chr13:34179158-34345218(-),chr13:34408085-34408839,63244,1
NM_001033171,L13217,chr6:38626660-38637239(-),chr6:38625703-38626425,-11175,1
NM_001033206,L15991,chr7:139248482-139267253(+),chr7:139302963-139303932,54965,1
NM_001033208,L1156,chr9:71504347-71592360(-),chr9:71543522-71544173,-48513,2
NM_001033209,L14981,chr9:119357381-119393797(+),chr9:119351822-119352535,-5203,1
NM_001033226,L7913,chr4:109218413-109254577(+),chr4:109238319-109239247,3151,1
NM_001033248,L19545,chr12:111484609-111485823(-),chr12:111504705-111505564,19311,1
NM_001033254,L9515,chr2:118663577-118698020(+),chr2:118669173-118669899,5959,1
NM_001033259,L3326,chr10:59446984-59616692(-),chr10:59537486-59538218,-78840,1
NM_001033275,L16425,chr15:93239730-93275179(-),chr15:93201692-93202439,-73114,1
NM_001033279,L22234,chr17:27751232-27820542(-),chr17:27825656-27826765,5668,1
NM_001033284,L6942,chr1:157458568-157489062(+),chr1:157465001-157466140,7002,1
NM_001033285,L7069,chr1:179960760-180165603(+),chr1:179913252-179913963,-47153,1
NM_001033291,L21627,chr1:87945121-88008551(-),chr1:88013289-88014523,5355,1
NM_001033310,L4705,chr5:90214725-90223996(-),chr5:90203085-90203738,-20585,1
NM_001033311,L2907,chr5:117319266-117355006(+),chr5:117307558-117308112,-11431,1
NM_001033339,L22142,chr17:23629176-23645269(-),chr17:23629804-23630736,-14999,1
NM_001033348,L17906,chr2:146241299-146512004(-),chr2:146496481-146497425,-15051,1
NM_001033411,L18011,chr2:160311401-160327494(-),chr2:160321464-160322398,-5563,1
NM_001033430,L13221,chr6:39136620-39206773(-),chr6:39249057-39249613,42562,1
NM_001033460,L2535,chr5:30281393-30366695(+),chr5:30358564-30359396,77587,1
NM_001033466,L3173,chr10:4367074-4388108(-),chr10:4388299-4389699,891,1
NM_001033533,L14125,chr8:94902869-94918098(-),chr8:94898889-94899717,-18795,1
NM_001033543,L1258,chr9:100457719-100486473(-),chr9:100488971-100489559,2792,1
NM_001033633,L16423,chr15:91267691-91573261(-),chr15:91462646-91464324,-109776,1
NM_001033773,L7862,chr4:100478867-100550145(+),chr4:100359190-100359779,-119383,1
NM_001033779,L16925,chr3:97930173-97967018(+),chr3:97937597-97938246,7748,1
NM_001033814,L17017,chr3:121670763-121682982(+),chr3:121674903-121676741,5059,1
NM_001033851,L16419,chr15:90487481-90679388(-),chr15:90666728-90667484,-12282,1
NM_001033877,L15567,chr7:66839735-67152625(+),chr7:66812439-66813432,-26800,1
NM_001033929,L13355,chr6:71128166-71144380(-),chr6:71166557-71167333,22565,1
NM_001034863,L959,chr9:43108653-43116570(-),chr9:43144225-43145376,28230,1
NM_001037539,L13495,chr6:99711299-99726392(-),chr6:99803996-99804847,78029,1
NM_001037665,L8841,chr8:111643443-111671011(+),chr8:111649680-111650634,6714,1
NM_001037719,L21214,chr16:45224337-45252895(+),chr16:45196767-45197340,-27284,1
NM_001037841,L8759,chr8:104250861-104264936(+),chr8:104268291-104268965,17767,1
NM_001037846,L3600,chr10:116485160-116581511(-),chr10:116585520-116586682,4590,1
NM_001037865,L13134,chr6:7997808-8192617(-),chr6:8023516-8024746,-168486,1
NM_001037929,L17904,chr2:145549455-145554982(-),chr2:145587755-145588845,33318,1
NM_001037940,L2529,chr5:29735898-29786478(+),chr5:29702989-29703479,-32664,1
NM_001037955,L10110,chr13:30660059-30711232(+),chr13:30643157-30643707,-16627,1
NM_001038587,L16807,chr3:89715022-89753455(+),chr3:89714415-89715916,-73,1
NM_001038627,L5077,chr5:144876495-144965830(-),chr5:144930451-144931231,34025,1
NM_001038642,L14439,chr9:32636241-32757820(+),chr9:32591465-32592351,-44333,1
NM_001038643,L11957,chr7:74275418-74554780(-),chr7:74556735-74557296,2235,1
NM_001038653,L11337,chr11:120948484-120959000(+),chr11:120950577-120951255,1849,1
NM_001038655,L3471,chr10:80948624-81014925(-),chr10:81014409-81015321,-60,1
NM_001038700,L17292,chr2:31026206-31142008(-),chr2:31140869-31142774,-187,1
NM_001038995,L19405,chr12:81358853-81532911(-),chr12:81532340-81533155,-164,1
NM_001039080,L3668,chr10:128129470-128180297(-),chr10:128175951-128177652,233,1
NM_001039081,L7875,chr4:103114390-103165754(+),chr4:103119041-103120210,235,1
NM_001039086,L9086,chr2:29619720-29740363(+),chr2:29563849-29564486,-55553,1
NM_001039103,L3038,chr5:136083916-136111861(+),chr5:136101893-136102839,-3156,1
NM_001039138,L2012,chr14:20734873-20794088(-),chr14:20765548-20766411,-28109,1
NM_001039150,L17675,chr2:102811142-102901665(-),chr2:102948549-102949281,47250,1
NM_001039162,L4976,chr5:134489383-134552434(-),chr5:134507224-134507922,-44861,1
NM_001039179,L10184,chr13:49341549-49387026(+),chr13:49338981-49339556,-2281,2
NM_001039188,L10141,chr13:37826038-37952005(+),chr13:37825142-37828493,-95,1
NM_001039214,L22886,chr18:73572705-73592578(+),chr18:73498593-73499585,-73616,1
NM_001039223,L9527,chr2:119174509-119177568(+),chr2:119188904-119189824,14855,1
NM_001039242,L6270,chr11:105360798-105456735(-),chr11:105427240-105428038,-29096,1
NM_001039385,L3047,chr5:137030295-137033351(+),chr5:137012293-137013077,-17610,1
NM_001039392,L13374,chr6:72957347-72958748(-),chr6:72929836-72930387,-28121,1
NM_001039537,L10453,chr11:4257568-4272514(+),chr11:4270867-4272097,4686,1
NM_001039593,L6996,chr1:170308819-170312125(+),chr1:170406615-170407548,98262,1
NM_001039645,L12344,chr7:126945987-126949582(-),chr7:126949439-126950426,350,1
NM_001039710,L6565,chr1:55052770-55072702(+),chr1:55048798-55049491,-3626,1
NM_001040397,L21243,chr16:57353277-57572804(+),chr16:57398358-57399242,45523,1
NM_001040398,L2956,chr5:123142193-123168630(+),chr5:123149412-123150483,7754,1
NM_001040682,L19513,chr12:104763114-104865076(-),chr12:104835401-104836018,-29367,1
NM_001042487,L9781,chr2:156613697-156764363(+),chr2:156726216-156727095,5376,1
NM_001042501,L2439,chr5:3543833-3570546(+),chr5:3553954-3555242,10765,1
NM_001042503,L1369,chr9:114511273-114564369(-),chr9:114575942-114576618,11911,1
NM_001042513,L18535,chr10:82833951-82897724(+),chr10:82899766-82901887,34200,1
NM_001042593,L18221,chr10:21295979-21368889(+),chr10:21252060-21252723,-43588,1
NM_001042670,L2446,chr5:4192367-4197651(+),chr5:4234272-4235217,42377,1
NM_001042714,L24650,chr13:96416134-96471219(-),chr13:96431701-96432677,-38971,1
NM_001042727,L16536,chr15:102234938-102257522(-),chr15:102246415-102247174,294,1
NM_001042779,L1305,chr9:107597674-107609241(-),chr9:107602001-107602986,-2909,1
NM_001043335,L19924,chr12:108371153-108539576(+),chr12:108363588-108364404,-7157,1
NM_001045484,L8565,chr8:70139499-70167488(+),chr8:70152395-70152900,-114,1
NM_001045527,L11006,chr11:87617164-87659542(+),chr11:87622851-87623616,6069,1
NM_001045530,L10561,chr11:43528749-43586999(+),chr11:43512596-43513395,-15754,1
NM_001045959,L10823,chr11:70562881-70614482(+),chr11:70585368-70586790,23198,1
NM_001048189,L7919,chr4:110397698-111664324(+),chr4:111424501-111425809,10149,1
NM_001048207,L4209,chr18:32528320-32560034(-),chr18:32510946-32511972,-48575,2
NM_001076681,L10934,chr11:78826595-78843899(+),chr11:78826201-78827221,116,1
NM_001077264,L11823,chr7:44900373-44929490(-),chr7:44917113-44918467,-11700,1
NM_001077421,L22153,chr17:23953085-23955273(-),chr17:23960207-23960799,5230,1
NM_001079822,L13372,chr6:72626371-72789045(-),chr6:72794835-72795587,6166,1
NM_001079830,L16952,chr3:103279293-103358770(+),chr3:103262726-103263668,-16096,1
NM_001079873,L2818,chr5:107331194-107387058(+),chr5:107359273-107359746,28315,1
NM_001079883,L19524,chr12:107910403-108003414(-),chr12:107952756-107953871,-50101,1
NM_001079932,L15938,chr7:128004378-128011393(+),chr7:128024879-128026284,21203,2
NM_001080158,L16356,chr15:82233776-82244747(-),chr15:82236567-82237220,-7443,1
NM_001080708,L18077,chr2:167980164-168010618(-),chr2:167982469-167983690,-27539,1
NM_001080710,L8,chr4:4056666-4077514(-),chr4:4075579-4077562,-944,1
NM_001080798,L2801,chr5:103754162-103855322(+),chr5:103758134-103758973,3980,1
NM_001080808,L4870,chr5:115648175-115731621(-),chr5:115701884-115702910,-29224,1
NM_001080819,L552,chr4:133679008-133756769(-),chr4:133751525-133752064,-2191,1
NM_001080925,L11115,chr11:98836785-98853005(+),chr11:98835847-98837050,-337,1
NM_001080968,L9127,chr2:32288326-32307913(+),chr2:32294977-32295948,7136,1
NM_001080979,L13630,chr6:128227143-128300813(-),chr6:128318266-128318965,17802,1
NM_001081006,L9000,chr2:20289913-20810535(+),chr2:20549134-20550594,30351,1
NM_001081017,L19887,chr12:102948859-103183997(+),chr12:103060640-103061441,112181,1
NM_001081025,L18988,chr16:38297754-38341860(-),chr16:38341328-38342132,-130,1
NM_001081038,L15952,chr7:130774069-130825901(+),chr7:130770594-130771098,-3223,1
NM_001081064,L16098,chr15:12359711-12739892(-),chr15:12586066-12586565,-153577,1
NM_001081112,L13553,chr6:118501300-118562271(-),chr6:118621584-118622315,59678,1
NM_001081122,L1264,chr9:102586578-102626124(-),chr9:102594903-102596327,-30509,1
NM_001081142,L438,chr4:120696138-120747399(-),chr4:120730350-120731974,-16237,1
NM_001081146,L13478,chr6:92370892-92706184(-),chr6:92509444-92510177,-25051,1
NM_001081150,L13896,chr8:36216062-36249359(-),chr8:36346725-36347596,97801,1
NM_001081162,L17859,chr2:130684108-130697519(-),chr2:130748830-130750711,52251,1
NM_001081177,L7451,chr14:64652541-64809617(+),chr14:64663900-64664593,11705,1
NM_001081180,L22774,chr18:43963241-44022487(+),chr18:43930797-43931642,-32022,1
NM_001081184,L7816,chr4:88094630-88411011(+),chr4:88213832-88214438,92095,1
NM_001081225,L20347,chr19:44931119-44983785(+),chr19:44898371-44899521,-32173,1
NM_001081227,L21979,chr1:180432373-180483504(-),chr1:180462512-180463582,-20457,1
NM_001081236,L2915,chr5:118245227-118263114(+),chr5:118268928-118269631,24052,2
NM_001081237,L24210,chr6:147091075-147112778(+),chr6:147117272-147118467,26794,1
NM_001081241,L8788,chr8:105605229-105622218(+),chr8:105622298-105622974,7170,1
NM_001081242,L1137,chr9:67217085-67559703(-),chr9:67544614-67545479,-14657,1
NM_001081247,L2022,chr14:24448694-24487058(-),chr14:24486398-24487500,-109,1
NM_001081256,L22729,chr18:34777008-34839370(+),chr18:34778896-34779711,2295,1
NM_001081260,L9319,chr2:85050460-85073048(+),chr2:85067641-85068793,17757,1
NM_001081274,L695,chr4:149149991-149166705(-),chr4:149170349-149172069,4504,1
NM_001081298,L13086,chr3:148815586-148954635(-),chr3:149056620-149057694,102522,1
NM_001081300,L4406,chr18:84011627-84087708(-),chr18:83840237-83841400,-245647,1
NM_001081306,L23596,chr6:22875502-23052916(+),chr6:22698055-22698699,-177125,1
NM_001081342,L2994,chr5:129096750-129204599(+),chr5:129189588-129190725,93406,1
NM_001081352,L10315,chr13:76098734-76187694(+),chr13:76177118-76177949,78799,1
NM_001081365,L22745,chr18:36348624-36402979(+),chr18:36399673-36400251,51189,1
NM_001081366,L21098,chr16:21423118-21644681(+),chr16:21412452-21413088,-10348,1
NM_001081378,L19639,chr12:24974932-25059697(+),chr12:24974628-24975720,242,1
NM_001081379,L14270,chr8:122883822-123042284(-),chr8:123022537-123023338,-19347,1
NM_001081390,L13949,chr8:61511431-61902707(-),chr8:61796206-61797332,36680,1
NM_001081402,L16084,chr15:7873055-8099209(-),chr15:8006111-8006558,-92875,1
NM_001081419,L3405,chr10:76263049-76345291(-),chr10:76336618-76337408,-8278,1
NM_001081427,L7151,chr14:7817957-7951587(+),chr14:7808382-7809923,-8805,1
NM_001081437,L23944,chr6:91212764-91272540(+),chr6:91202010-91203230,-10144,1
NM_001081457,L19976,chr12:110447224-110583074(+),chr12:110398453-110399590,-48203,1
NM_001081462,L4975,chr5:134357661-134456716(-),chr5:134485540-134486581,29344,1
NM_001081493,L24670,chr13:99898483-99900683(-),chr13:99761217-99762399,-138875,1
NM_001081557,L712,chr4:151059523-151861768(-),chr4:151634491-151635295,-226875,1
NM_001081656,L23144,chr17:26414859-26446320(+),chr17:26424209-26425109,9800,1
NM_001081750,L2981,chr5:124862705-124888630(+),chr5:124921519-124923471,59790,1
NM_001081756,L21709,chr1:125913636-126830632(-),chr1:126442982-126444144,-49364,1
NM_001081960,L14955,chr9:113741473-113919697(+),chr9:113749171-113749926,8075,1
NM_001081970,L16290,chr15:77747799-77757010(-),chr15:77754765-77755437,-172,1
NM_001082484,L12827,chr3:94497542-94582716(-),chr3:94565013-94566084,-17168,1
NM_001082960,L15939,chr7:128062640-128118491(+),chr7:128089033-128089715,26734,1
NM_001083618,L9733,chr2:152962485-153008482(+),chr2:152962157-152962975,81,1
NM_001083891,L23197,chr17:31520115-31531325(+),chr17:31529202-31529974,9473,1
NM_001083903,L15362,chr7:30751471-30756134(+),chr7:30751163-30751720,-30,1
NM_001083927,L14671,chr9:61372366-61418497(+),chr9:61589205-61590461,217467,1
NM_001083967,L22881,chr18:69344492-69687967(+),chr18:69196642-69197361,-147491,1
NM_001085385,L15395,chr7:38183217-38197565(+),chr7:38200668-38201512,17303,1
NM_001085387,L3041,chr5:136693146-136701094(+),chr5:136702096-136702606,8174,1
NM_001085407,L17240,chr2:26382800-26389316(-),chr2:26388638-26389954,-20,1
NM_001085448,L17472,chr2:84600781-84658977(-),chr2:84618605-84619839,-30258,1
NM_001085472,L2205,chr14:54642161-54686965(-),chr14:54653427-54654013,19,1
NM_001085498,L11317,chr11:119602905-119928917(+),chr11:119676480-119677617,74143,1
NM_001085500,L11091,chr11:97685596-97688625(+),chr11:97685300-97686381,-93,1
NM_001085509,L8114,chr4:135759715-135815567(+),chr4:135762243-135762970,2891,1
NM_001085549,L7928,chr4:114406724-114615098(+),chr4:114355970-114356738,-50370,1
NM_001085555,L22236,chr17:28066747-28080639(-),chr17:28079724-28081188,-128,1
NM_001097617,L13586,chr6:124530344-124542359(-),chr6:124542002-124543024,154,1
NM_001097621,L19999,chr12:112146208-112181747(+),chr12:112144751-112145699,-983,1
NM_001099276,L6858,chr1:133046012-133108688(+),chr1:133039490-133039984,-6275,1
NM_001099297,L9566,chr2:122315672-122347972(+),chr2:122332007-122332812,16737,1
NM_001099634,L5394,chr19:37899036-38043577(-),chr19:37969782-37970395,-73489,1
NM_001099918,L13638,chr6:128706096-128723097(-),chr6:128753817-128754968,31295,1
NM_001100451,L14837,chr9:101074054-101104799(+),chr9:101076094-101077176,1873,1
NM_001101038,L4386,chr18:78042493-78057441(-),chr18:78014492-78015061,-42665,1
NM_001101561,L18216,chr10:20148920-20281590(+),chr10:20159155-20159792,10553,1
NM_001101603,L7995,chr4:120588745-120609672(+),chr4:120589603-120590438,1275,1
NM_001102423,L9904,chr2:174076302-174099771(+),chr2:173970600-173971469,-105268,1
NM_001102650,L6201,chr11:100422321-100441808(-),chr11:100436801-100437225,-4085,1
NM_001109684,L648,chr4:142102390-142239401(-),chr4:142212250-142213323,2578,1
NM_001109747,L3251,chr10:30196009-30200540(-),chr10:30259607-30260372,59449,1
NM_001109902,L4881,chr5:118190736-118245025(-),chr5:118214111-118215117,-30247,1
NM_001109905,L18069,chr2:166947549-166996299(-),chr2:167004239-167004933,8287,1
NM_001109973,L22468,chr17:47815328-47834691(-),chr17:47841927-47842709,7627,2
NM_001109991,L3415,chr10:77052179-77166530(-),chr10:77121065-77121794,7724,1
NM_001109992,L4904,chr5:121130533-121191397(-),chr5:121149037-121149733,-42012,1
NM_001110212,L6718,chr1:87326998-87450810(+),chr1:87299088-87301066,-26921,1
NM_001110315,L21656,chr1:93015455-93101874(-),chr1:93070647-93072746,-10784,1
NM_001110504,L5194,chr19:5988545-6015825(-),chr19:6013604-6016479,-206,1
NM_001110778,L11180,chr11:102761435-102780262(+),chr11:102773812-102775122,13032,1
NM_001110826,L14556,chr9:44604892-44640731(+),chr9:44598761-44599847,-5588,1
NM_001110827,L16281,chr15:77078990-77307053(-),chr15:77203115-77204097,-42002,1
NM_001111121,L18390,chr10:70097121-70193200(+),chr10:70039587-70040398,-57129,1
NM_001111274,L18562,chr10:87858265-87937047(+),chr10:87865668-87866863,5154,1
NM_001111314,L21624,chr1:87476829-87573870(-),chr1:87508940-87510737,-524,1
NM_001111324,L24401,chr13:41309916-41487360(-),chr13:41330730-41332289,-27492,1
NM_001112701,L11859,chr7:45806637-45814316(-),chr7:45801140-45801662,-12915,1
NM_001112703,L9120,chr2:31688537-31804362(+),chr2:31769942-31771564,10580,1
NM_001112798,L22605,chr17:81373105-81738387(-),chr17:81479946-81480758,-258035,1
NM_001113209,L254,chr4:82290173-82505779(-),chr4:82342084-82342799,-163338,1
NM_001113351,L22951,chr17:5941280-6044290(+),chr17:5892871-5893946,-47872,1
NM_001113379,L15673,chr7:98489991-98501830(+),chr7:98561223-98562355,71798,1
NM_001113386,L3744,chr15:7129572-7197489(+),chr15:7226059-7226653,85814,1
NM_001113412,L7848,chr4:95557507-95926939(+),chr4:95419644-95420352,-137509,1
NM_001113486,L11292,chr11:117199661-117362325(+),chr11:117198092-117200073,-579,3
NM_001113560,L22258,chr17:30592862-30612659(-),chr17:30610932-30612791,-798,1
NM_001114312,L5502,chr19:58973358-59076069(-),chr19:59071224-59072645,-4135,1
NM_001114386,L22860,chr18:64887756-65217826(+),chr18:65036656-65037720,13661,1
NM_001114660,L4656,chr5:74204816-74531742(-),chr5:74492375-74493398,-38856,1
NM_001122667,L21027,chr16:13256481-13417529(+),chr16:13350619-13352163,-7030,1
NM_001122732,L6702,chr1:86021945-86029961(+),chr1:86007614-86008196,-14040,1
NM_001122851,L14829,chr9:98986373-99002019(+),chr9:98979437-98980198,-6556,1
NM_001122952,L7850,chr4:97581943-98118876(+),chr4:98032037-98033207,254996,1
NM_001123386,L10136,chr13:35659862-35874064(+),chr13:35533898-35535243,-125292,1
NM_001126046,L21430,chr1:36562696-36683183(-),chr1:36683870-36684665,1084,1
NM_001127177,L4353,chr18:67665501-67724621(-),chr18:67705929-67706758,-18278,1
NM_001127259,L21120,chr16:25683765-25892088(+),chr16:25746483-25747290,-55030,3
NM_001127348,L23761,chr6:51523903-51590670(+),chr6:51579895-51580768,35038,1
NM_001127363,L15992,chr7:139389109-139579652(+),chr7:139382730-139383434,-6027,1
NM_001128093,L7510,chr14:75455982-75526141(+),chr14:75444453-75445896,-10808,1
NM_001128151,L24040,chr6:120666314-120771191(+),chr6:120714937-120716059,49184,1
NM_001128599,L2073,chr14:34590618-34600142(-),chr14:34618779-34619310,18902,1
NM_001130412,L19232,chr12:16535669-16610966(-),chr12:16568214-16569142,-21092,1
NM_001134717,L2972,chr5:124328089-124341852(+),chr5:124338773-124340055,11325,1
NM_001134752,L15076,chr7:6415194-6431086(+),chr7:6409960-6410732,-4848,1
NM_001134791,L354,chr4:109061145-109202272(-),chr4:109122704-109123452,5042,1
NM_001135657,L17636,chr2:90429756-90580595(-),chr2:90474713-90476064,-3786,1
NM_001136064,L20134,chr19:8837467-8848683(+),chr19:8843877-8845282,4076,1
NM_001136075,L19413,chr12:83794034-83921934(-),chr12:83882070-83882976,5711,1
NM_001136484,L5326,chr19:17326141-17372844(-),chr19:17163230-17164081,-175850,1
NM_001139509,L17383,chr2:57107226-57124003(-),chr2:57149586-57150346,25963,1
NM_001142937,L19489,chr12:102739830-102757810(-),chr12:102725051-102726404,-17934,1
NM_001142968,L16256,chr15:76101488-76126556(-),chr15:76118862-76119512,-1008,1
NM_001144855,L21753,chr1:134296783-134344716(-),chr1:134331827-134332338,-846,1
NM_001145300,L21755,chr1:134540941-134549682(-),chr1:134540431-134541217,-8858,1
NM_001145433,L2640,chr5:53267106-53278540(+),chr5:53371576-53372405,104884,1
NM_001145778,L24267,chr13:21387004-21402755(-),chr13:21401489-21403255,-383,1
NM_001145802,L24398,chr13:41025120-41079706(-),chr13:41079483-41080149,110,1
NM_001145824,L17687,chr2:104426482-104494489(-),chr2:104479162-104480490,-14663,1
NM_001145886,L19148,chr16:89787111-89974699(-),chr16:89702641-89703778,-115143,1
NM_001145896,L8876,chr8:120488866-120581383(+),chr8:120536388-120537746,-342,1
NM_001145920,L22427,chr17:44495987-44814797(-),chr17:44709882-44710368,-26051,1
NM_001145948,L7915,chr4:109407100-109444745(+),chr4:109405986-109407606,-304,2
NM_001145952,L21117,chr16:24393350-24992578(+),chr16:24514879-24515735,-14007,2
NM_001145965,L8360,chr8:14095875-14847686(+),chr8:14113771-14114567,18294,1
NM_001146025,L24458,chr13:54679399-54693960(-),chr13:54675737-54676688,-11596,1
NM_001146085,L7316,chr14:47472561-47531962(+),chr14:47517910-47519237,46012,1
NM_001146161,L16497,chr15:100387900-100423055(-),chr15:100413936-100414504,-8835,1
NM_001146180,L16185,chr15:58941234-59082026(-),chr15:59184350-59185198,102748,1
NM_001159284,L5519,chr11:3517522-3539292(-),chr11:3560051-3560577,21022,1
NM_001159301,L5979,chr11:78962979-78984924(-),chr11:79002150-79003252,17777,1
NM_001159354,L12911,chr3:104013265-104220406(-),chr3:104298600-104299406,78597,1
NM_001159361,L4085,chr15:100038664-100219473(+),chr15:100038327-100039595,297,4
NM_001159393,L10646,chr11:53770014-53778374(+),chr11:53803140-53804203,33198,1
NM_001159394,L19035,chr16:55811377-55838641(-),chr16:55754226-55755133,-67459,1
NM_001159507,L13474,chr6:91761510-91807393(-),chr6:91804435-91806512,-1920,1
NM_001159513,L24476,chr13:56073622-56135550(-),chr13:55994882-55997022,-139598,1
NM_001159520,L21587,chr1:78101267-78197136(-),chr1:77981393-77982160,-215360,1
NM_001159548,L17358,chr2:38723374-38926461(-),chr2:38802882-38804302,19077,1
NM_001159559,L3645,chr10:126868428-126901371(-),chr10:126918944-126919680,17941,1
NM_001159572,L18351,chr10:60346851-60372684(+),chr10:60346305-60347500,51,1
NM_001159616,L19178,chr16:94358763-94371015(-),chr16:94401807-94402749,31263,1
NM_001159630,L7993,chr4:120405281-120530200(+),chr4:120472543-120473434,19744,1
NM_001159633,L7751,chr4:53440413-53622478(+),chr4:53465436-53466382,25493,1
NM_001159634,L9125,chr2:32151148-32234537(+),chr2:32181444-32183692,31420,1
NM_001159657,L17153,chr2:6098500-6130185(-),chr2:6096916-6097658,-32898,1
NM_001159738,L6687,chr1:83116766-83119167(+),chr1:83119929-83120586,3491,1
NM_001159850,L22013,chr1:189207930-189402273(-),chr1:189415123-189416141,13359,1
NM_001159963,L4581,chr5:43744618-43782149(-),chr5:43765381-43767084,-15917,1
NM_001159965,L21838,chr1:156804166-156939626(-),chr1:156995050-156995774,55786,2
NM_001160043,L440,chr4:120921202-120925005(-),chr4:120922303-120923000,-2354,1
NM_001160163,L6720,chr1:87574027-87597840(+),chr1:87573586-87575397,464,1
NM_001160180,L6936,chr1:156035664-156068859(+),chr1:156040547-156041317,71,1
NM_001160219,L19600,chr12:8674134-8752583(+),chr12:8689782-8690806,15613,1
NM_001160239,L19101,chr16:76403206-76403711(-),chr16:76406257-76406803,2819,1
NM_001160268,L6860,chr1:133246097-133303435(+),chr1:133226657-133227375,-19081,1
NM_001160319,L8152,chr4:139380659-139489532(+),chr4:139386548-139387601,6415,1
NM_001160326,L2360,chr14:76532812-76556916(-),chr14:76570157-76570706,13515,1
NM_001161420,L20245,chr19:27216484-27254231(+),chr19:27217575-27219487,1511,1
NM_001161428,L20040,chr19:3935186-3949340(+),chr19:3943045-3943884,8278,1
NM_001161626,L2938,chr5:121452709-121495421(+),chr5:121453563-121455047,1596,1
NM_001161774,L405,chr4:117932153-118134946(-),chr4:118083344-118084207,-51171,1
NM_001161797,L532,chr4:132355925-132422446(-),chr4:132427779-132428739,5813,1
NM_001161845,L18225,chr10:21882184-21999902(+),chr10:21801303-21802160,-80453,1
NM_001162475,L14650,chr9:58129088-58153997(+),chr9:58139744-58140449,5431,1
NM_001162533,L472,chr4:126150602-126163341(-),chr4:126167992-126169090,5200,1
NM_001162872,L6361,chr11:116287997-116306734(-),chr11:116318861-116319953,12673,1
NM_001162884,L12652,chr3:59316735-59344256(-),chr3:59304747-59305648,-39059,1
NM_001162913,L3392,chr10:75636619-75644008(-),chr10:75648827-75649642,5226,1
NM_001162917,L14685,chr9:64811011-64919667(+),chr9:64805600-64806436,-4993,1
NM_001162941,L22695,chr18:23752333-23893861(+),chr18:23760499-23761490,7269,1
NM_001162945,L10341,chr13:92844768-92858218(+),chr13:92956971-92957657,112546,1
NM_001162955,L19054,chr16:58716643-58718872(-),chr16:58701619-58704088,-16019,1
NM_001162956,L18340,chr10:58497937-58576244(+),chr10:58558886-58560257,61634,1
NM_001163028,L8857,chr8:117095865-117133720(+),chr8:117093929-117094603,-1599,1
NM_001163136,L20027,chr12:119443410-119466932(+),chr12:119387759-119388443,-55309,1
NM_001163145,L16384,chr15:84379203-84482860(-),chr15:84412291-84413090,-31635,1
NM_001163155,L20900,chrX:141475419-141689235(+),chrX:141533387-141533931,58240,1
NM_001163266,L8032,chr4:126096653-126098584(+),chr4:126085905-126086416,-10493,1
NM_001163288,L194,chr4:59314683-59438633(-),chr4:59380863-59381680,-57362,1
NM_001163314,L21492,chr1:54473000-54557684(-),chr1:54611639-54612593,54432,1
NM_001163378,L19746,chr12:71136848-71243303(+),chr12:71217831-71220111,82123,1
NM_001163452,L17977,chr2:155634277-155692384(-),chr2:155695980-155696531,3871,1
NM_001163473,L11217,chr11:107025869-107030442(+),chr11:107044083-107044979,18662,1
NM_001163481,L11134,chr11:100415694-100424840(+),chr11:100425618-100426313,10271,1
NM_001163485,L16121,chr15:34440506-34443276(-),chr15:34428127-34429238,-14543,1
NM_001163489,L12746,chr3:88435962-88461182(-),chr3:88454998-88456155,-185,1
NM_001163504,L3531,chr10:89454234-89533622(-),chr10:89547861-89548724,14670,1
NM_001163551,L2715,chr5:87825697-87846386(+),chr5:87819908-87820504,-5491,1
NM_001163566,L9187,chr2:37776249-37799103(+),chr2:37771465-37772280,-4377,1
NM_001163573,L12835,chr3:95129719-95134012(-),chr3:95133234-95134318,-236,1
NM_001163608,L6125,chr11:97923237-97986446(-),chr11:97949573-97950415,-36452,1
NM_001163617,L12848,chr3:95739974-95754977(-),chr3:95754378-95755397,-90,1
NM_001163633,L16392,chr15:85535437-85581821(-),chr15:85582165-85583780,1151,1
NM_001163643,L16539,chr15:102497647-102517004(-),chr15:102510228-102511401,114,1
NM_001163702,L15317,chr7:28692849-28699337(+),chr7:28693219-28694629,780,1
NM_001163766,L22203,chr17:25844734-25861515(-),chr17:25860970-25862075,7,1
NM_001163767,L7874,chr4:102978703-103005594(+),chr4:102986704-102988028,987,1
NM_001163791,L8693,chr8:85299632-85308279(+),chr8:85321733-85322678,22573,1
NM_001163794,L565,chr4:134275005-134287846(-),chr4:134272583-134274052,-13936,1
NM_001164047,L16280,chr15:77015487-77050668(-),chr15:76987062-76988147,-35123,1
NM_001164057,L5192,chr19:5940543-5964206(-),chr19:5963594-5965534,358,1
NM_001164062,L11140,chr11:100859351-100885169(+),chr11:100893407-100894054,33246,1
NM_001164071,L9232,chr2:61578557-61654169(+),chr2:61567131-61567840,-11072,1
NM_001164109,L4397,chr18:80606205-80713071(-),chr18:80729031-80730048,16468,1
NM_001164147,L3456,chr10:80409541-80433635(-),chr10:80445953-80446928,12805,1
NM_001164210,L12678,chr3:69819539-69859894(-),chr3:69808199-69809097,-51246,1
NM_001164258,L15682,chr7:99859218-99917824(+),chr7:99876238-99876843,17322,1
NM_001164263,L20404,chr19:56461637-56486729(+),chr19:56450964-56452357,-9977,1
NM_001164268,L18960,chr16:33969073-34514027(-),chr16:34389662-34390405,-123994,1
NM_001164311,L5426,chr19:42592279-42612806(-),chr19:42631342-42633608,19669,1
NM_001164359,L5437,chr19:44034943-44069785(-),chr19:44067252-44068343,-1889,1
NM_001164363,L5470,chr19:46885390-47015174(-),chr19:47014618-47016289,279,1
NM_001164493,L19212,chr12:5077466-5375682(-),chr12:5276968-5277822,-98287,1
NM_001164563,L16447,chr15:97244074-97247287(-),chr15:97394255-97395056,147368,1
NM_001164566,L6577,chr1:57774861-57948397(+),chr1:57898111-57899367,53168,1
NM_001164575,L24420,chr13:48487660-48513436(-),chr13:48512631-48513738,-226,1
NM_001164593,L4043,chr15:92396810-92771819(+),chr15:92596873-92597704,179,1
NM_001164661,L15538,chr7:55842071-55932633(+),chr7:55859029-55859900,17393,1
NM_001164696,L15438,chr7:43824544-43832027(+),chr7:43820777-43822141,-3085,1
NM_001164717,L5475,chr19:47260174-47464411(-),chr19:47281265-47282928,8507,2
NM_001164724,L20261,chr19:29925113-29960717(+),chr19:29942263-29942923,-3197,1
NM_001164768,L17326,chr2:34804364-34826235(-),chr2:34815366-34816537,-7230,1
NM_001164791,L9267,chr2:72285637-72442610(+),chr2:72220999-72222106,-64085,1
NM_001164793,L1155,chr9:71478437-71485983(-),chr9:71484603-71486309,498,1
NM_001164885,L23485,chr17:71183532-71249818(+),chr17:71151888-71152639,-31269,1
NM_001165902,L14995,chr9:120933400-120960507(+),chr9:120957322-120958477,2813,1
NM_001165948,L16873,chr3:94837437-94883577(+),chr3:94837272-94838866,632,1
NM_001166364,L14641,chr9:57537528-57543187(+),chr9:57537131-57538158,116,1
NM_001166381,L24035,chr6:119902698-119922823(+),chr6:119924032-119924976,21806,1
NM_001166402,L3214,chr10:19000910-19015410(-),chr10:19008534-19009657,-2868,1
NM_001166556,L6307,chr11:110176821-110251776(-),chr11:110268191-110268760,16699,1
NM_001166584,L15835,chr7:112679356-112906784(+),chr7:112696920-112697612,17910,3
NM_001166597,L17648,chr2:91932822-91963563(-),chr2:91965331-91966052,2128,1
NM_001166728,L21988,chr1:182157178-182158098(-),chr1:182189273-182190426,31751,1
NM_001167694,L13695,chr6:134869092-134898194(-),chr6:134862798-134863469,-24652,1
NM_001167767,L19598,chr12:8208126-8285759(+),chr12:8181230-8182229,-26397,1
NM_001167921,L8464,chr8:33731914-33777173(+),chr8:33721775-33722685,-9684,1
NM_001167991,L8684,chr8:84990007-85003349(+),chr8:84997599-84998354,7353,1
NM_001168223,L24117,chr6:128934381-128984707(+),chr6:128962715-128963706,-7950,1
NM_001168253,L16252,chr15:76001092-76014336(-),chr15:76035686-76036543,21778,1
NM_001168498,L576,chr4:135369577-135398227(-),chr4:135405061-135406914,7760,1
NM_001168525,L5369,chr19:32122727-32388512(-),chr19:32297985-32298827,-50910,1
NM_001168615,L24477,chr13:56173703-56178885(-),chr13:56197090-56198015,18667,1
NM_001168679,L18652,chr10:115817284-115849893(+),chr10:115716028-115716946,-100797,1
NM_001170479,L24150,chr6:134639512-134711184(+),chr6:134645966-134647125,5605,1
NM_001170540,L24659,chr13:98309897-98317006(-),chr13:98298832-98299325,-17889,1
NM_001170555,L4484,chr5:24862735-25100642(-),chr5:25006672-25007225,11195,1
NM_001170591,L23907,chr6:87009836-87028461(+),chr6:87002241-87003206,-7113,1
NM_001170632,L6833,chr1:130800902-130814740(+),chr1:130783876-130784385,-16772,1
NM_001170643,L10175,chr13:47122720-47247991(+),chr13:47121481-47123034,-463,1
NM_001170744,L12403,chr7:132987011-133123483(-),chr7:133050603-133051356,-30881,1
NM_001170785,L18169,chr10:3973075-4167081(+),chr10:3941349-3941734,-31534,1
NM_001170847,L20394,chr19:53677306-53867080(+),chr19:53673997-53675034,-2791,1
NM_001171026,L3650,chr10:127094259-127121160(-),chr10:127122747-127123775,2101,1
NM_001172074,L6814,chr1:120121187-120188189(+),chr1:120124888-120125698,4106,1
NM_001172157,L6711,chr1:86703804-87050097(+),chr1:86703251-86704800,221,2
NM_001172160,L17893,chr2:140658198-140671476(-),chr2:140742883-140743480,71705,3
NM_001172424,L8201,chr4:144892827-144928209(+),chr4:144997953-145000245,105962,1
NM_001177352,L3856,chr15:61985341-61990361(+),chr15:61885982-61886804,-98948,1
NM_001177371,L24469,chr13:55473428-55488076(-),chr13:55471159-55472922,-5736,1
NM_001177379,L2616,chr5:43233253-43289724(+),chr5:43116558-43117475,-116237,1
NM_001177511,L18362,chr10:61595295-61629464(+),chr10:61570003-61570644,-24972,1
NM_001177538-HOMER2,L7211,chr14:26262446-26269434(+),chr14:26293341-26293721,31085,1
NM_001177556,L23828,chr6:66896397-67021361(+),chr6:66929344-66930250,32906,1
NM_001177576,L12465,chr7:141429749-141437874(-),chr7:141437166-141438082,-250,1
NM_001177577,L2753,chr5:91987473-91995317(+),chr5:91994215-91995158,7213,1
NM_001177594,L2926,chr5:120511192-120534024(+),chr5:120511039-120511442,48,1
NM_001177628,L6847,chr1:131962915-131982972(+),chr1:131962510-131964199,439,1
NM_001177773,L16754,chr3:84815577-84979198(+),chr3:84961541-84962713,9916,2
NM_001177886,L21343,chr16:96361757-96422121(+),chr16:96357845-96358433,-3618,1
NM_001185153,L5568,chr11:11280040-11462419(-),chr11:11461452-11462588,-399,1
NM_001190161,L16991,chr3:108383804-108388231(+),chr3:108385803-108386764,2445,1
NM_001190297,L17434,chr2:73341506-73386480(-),chr2:73367842-73368820,-18149,1
NM_001190356,L23542,chr17:88125512-88131183(+),chr17:88123491-88124245,-1644,2
NM_001190406,L5535,chr11:5054131-5065327(-),chr11:5064075-5065809,-385,1
NM_001190852,L13063,chr3:142239585-142395696(-),chr3:142294806-142295602,-96646,1
NM_001190978,L8139,chr4:138262251-138301973(+),chr4:138261664-138263148,155,2
NM_001190989,L7551,chr14:105258623-105309298(+),chr14:105250509-105251478,-7630,1
NM_001191004,L14032,chr8:78804868-78821152(-),chr8:78732365-78733045,-88447,1
NM_001193303,L18338,chr10:58323547-58424691(+),chr10:58331548-58332156,8305,1
NM_001194940,L13897,chr8:36567739-36952442(-),chr8:36822115-36823051,89529,1
NM_001195083,L8048,chr4:128654702-128752881(+),chr4:128734281-128736399,7769,1
NM_001195128,L3078,chr5:138820080-138821619(+),chr5:138849648-138850591,30039,1
NM_001195529,L12073,chr7:99624067-99627103(-),chr7:99625465-99627235,-753,1
NM_001195681,L1029,chr9:51270258-51278554(-),chr9:51292304-51293146,14171,1
NM_001195730,L505,chr4:129607930-129614272(-),chr4:129608241-129609747,-5278,1
NM_001195774,L12291,chr7:118972040-118995211(-),chr7:118935116-118936018,-59644,1
NM_001198831,L22350,chr17:35681567-35704599(-),chr17:35736377-35738251,32715,1
NM_001198866,L23875,chr6:83165924-83200118(+),chr6:83165125-83166703,-10,1
NM_001198872,L9264,chr2:71211706-71263302(+),chr2:71274299-71275182,62794,1
NM_001198911,L16786,chr3:88616143-88649532(+),chr3:88607343-88608005,-8469,1
NM_001198977,L10204,chr13:52583437-52648792(+),chr13:52651460-52652567,55131,1
NM_001199146,L9056,chr2:26314611-26348237(+),chr2:26324981-26326346,5893,1
NM_001199186,L14396,chr9:21320719-21355028(+),chr9:21347034-21347579,9478,1
NM_001199227,L12504,chr7:143688762-143757008(-),chr7:143739635-143741064,-11,1
NM_001199293,L11003,chr11:87405065-87555823(+),chr11:87470539-87471756,43556,1
NM_001199304,L24410,chr13:45549756-45964991(-),chr13:45911967-45912315,-52850,1
NM_001199431,L821,chr9:20907206-20959888(-),chr9:20951348-20951757,-1071,1
NM_001199843,L19831,chr12:86082561-86162459(+),chr12:86085608-86086806,3646,1
NM_001204252,L10812,chr11:70166623-70170836(+),chr11:70151055-70151716,-15238,1
NM_001204411,L11866,chr7:46097123-46100764(-),chr7:46085734-46086893,-13924,1
NM_001204906,L13726,chr6:142350342-142387087(-),chr6:142365911-142366795,-20589,1
NM_001204959,L8314,chr8:3655770-3659818(+),chr8:3645442-3646369,-9865,1
NM_001205043,L10166,chr13:44730774-44921643(+),chr13:44703344-44704631,-26787,1
NM_001205052,L19827,chr12:85599105-85639878(+),chr12:85569602-85570785,-28912,1
NM_001205082,L4948,chr5:125277087-125341094(-),chr5:125273676-125274260,-67126,1
NM_001205219,L8495,chr8:45507788-45827906(+),chr8:45618763-45619596,-8572,1
NM_001205227,L12219,chr7:107748455-107758032(-),chr7:107757366-107758320,-189,1
NM_001205234,L20109,chr19:6418756-6533217(+),chr19:6478331-6478874,59846,1
NM_001205243,L21855,chr1:161780692-161788495(-),chr1:161748272-161750984,-38867,1
NM_001205353,L4013,chr15:86057695-86137636(+),chr15:86057378-86057760,-126,2
NM_001206367,L9156,chr2:35256359-35307902(+),chr2:35299337-35300045,17311,2
NM_001242396,L18384,chr10:67127088-67256326(+),chr10:67173701-67175198,-11301,1
NM_001243041,L7190,chr14:21052574-21448569(+),chr14:21065543-21066720,-10021,1
NM_001243043,L10459,chr11:4947521-5042794(+),chr11:4986537-4987823,356,2
NM_001243046,L15654,chr7:91090786-92449246(+),chr7:92197426-92198348,-37083,1
NM_001243132,L16945,chr3:102734770-102772310(+),chr3:102714770-102715663,-19554,1
NM_001243769,L596,chr4:137319696-137357759(-),chr4:137367281-137368003,9883,2
NM_001243792,L7110,chr1:187609006-188214885(+),chr1:187799132-187799744,147197,1
NM_001244654,L22346,chr17:35617923-35626637(-),chr17:35601493-35602512,-24635,1
NM_001244762,L1251,chr9:99229376-99237239(-),chr9:99210978-99211802,-25849,1
NM_001244891,L9406,chr2:90940397-91019497(+),chr2:90964680-90966153,25019,1
NM_001251881,L23153,chr17:27018035-27036378(+),chr17:26999800-27000702,-17784,1
NM_001252478,L23497,chr17:74395608-74424229(+),chr17:74409690-74410382,14428,1
NM_001252547,L9140,chr2:32721055-32755007(+),chr2:32727109-32727907,-181,1
NM_001252562,L19786,chr12:79297282-79814690(+),chr12:79356534-79357140,59486,1
NM_001253390,L16589,chr3:19187320-19220817(+),chr3:19215766-19216904,28040,1
NM_001253708,L16702,chr3:60472830-60629750(+),chr3:60638536-60639868,138023,1
NM_001253783,L8912,chr8:123442956-123463899(+),chr8:123446643-123447461,3793,1
NM_001253822,L14103,chr8:91798511-91801654(-),chr8:91937161-91937723,135788,1
NM_001253862,L1158,chr9:71844252-72111819(-),chr9:71915793-71916945,20273,2
NM_001253883,L14663,chr9:59656576-59679372(+),chr9:59659196-59660016,2379,1
NM_001253904,L4947,chr5:125017153-125179214(-),chr5:125177599-125180044,-393,1
NM_001256100,L5097,chr5:146951573-146963855(-),chr5:146990610-146991497,27198,1
NM_001256112,L568,chr4:134525555-134535387(-),chr4:134543168-134543728,8061,1
NM_001256115,L3080,chr5:139200637-139249839(+),chr5:139178473-139179570,-21616,1
NM_001267622,L2855,chr5:110879803-111289779(+),chr5:111069388-111070579,65839,1
NM_001271411,L16369,chr15:82996736-83033397(-),chr15:83065501-83066409,32558,1
NM_001271447,L1579,chrX:49009707-49288242(-),chrX:49180925-49181762,-106899,1
NM_001271483,L23489,chr17:71769691-71864210(+),chr17:71953857-71954720,172341,1
NM_001271544,L22746,chr18:36528152-36556272(+),chr18:36521835-36522418,-6026,1
NM_001271566,L2817,chr5:106964322-106984439(+),chr5:107119842-107121446,156083,1
NM_001271599,L16989,chr3:108284064-108361519(+),chr3:108291157-108292063,7546,1
NM_001271716,L4356,chr18:68406899-68429320(-),chr18:68577866-68578771,148998,1
NM_001271757,L13557,chr6:119432531-119544347(-),chr6:119526236-119527083,-17688,1
NM_001271768,L13742,chr6:145858243-145865420(-),chr6:145855356-145856539,-9473,1
NM_001271777,L17219,chr2:25498650-25501719(-),chr2:25500268-25503275,52,1
NM_001271857,L23898,chr6:86028681-86124409(+),chr6:86031072-86032022,2866,1
NM_001271898,L6358,chr11:116171883-116199045(-),chr11:116185457-116186624,-12739,1
NM_001272024,L16880,chr3:95160420-95174050(+),chr3:95173480-95174677,9739,1
NM_001272097,L16572,chr3:10012585-10016610(+),chr3:10022332-10023699,10430,1
NM_001276387,L7467,chr14:67233292-67430952(+),chr14:67158968-67159512,-74052,1
NM_001276465,L669,chr4:144972622-145195005(-),chr4:145200086-145201824,5950,1
NM_001276764,L6497,chr1:33908225-34308662(+),chr1:34147913-34148502,-12053,1
NM_001277216,L13062,chr3:141837136-142169425(-),chr3:141973863-141974779,-7943,1
NM_001277256,L9507,chr2:117121071-117182277(+),chr2:117086251-117087814,-34039,1
NM_001277292,L18671,chr10:119454034-120087260(+),chr10:119803387-119804422,-15485,1
NM_001277847,L14557,chr9:44673233-44686305(+),chr9:44691293-44692672,18749,1
NM_001277970,L9265,chr2:71389260-71903858(+),chr2:71511006-71511865,-18010,2
NM_001278447,L22654,chr18:6765167-6791606(+),chr18:6700784-6701639,-63956,1
NM_001278569,L23199,chr17:31677931-31681730(+),chr17:31728795-31729620,51276,1
NM_001281999,L2929,chr5:120648812-120679597(+),chr5:120647882-120649061,-341,1
NM_001282040,L16351,chr15:81951106-81960930(-),chr15:81953991-81954742,-6564,1
NM_001284409,L8503,chr8:46617291-46639698(+),chr8:46630093-46630970,13240,1
NM_001284410,L9597,chr2:128126038-128162547(+),chr2:128240126-128241099,113037,1
NM_001284411,L11150,chr11:101253707-101259551(+),chr11:101253619-101254285,245,1
NM_001284508,L1399,chr9:121489824-121495694(-),chr9:121479282-121480080,-16013,1
NM_001285425,L21359,chr1:9960163-9967810(-),chr1:9982778-9983626,15392,1
NM_001285482,L8126,chr4:136423524-136444401(+),chr4:136376604-136378181,-46132,1
NM_001285788,L21179,chr16:36693978-36726804(+),chr16:36693642-36694645,165,1
NM_001285792,L15675,chr7:98835112-98854747(+),chr7:98937103-98938057,98735,2
NM_001285920,L680,chr4:147873586-147904909(-),chr4:147904103-147905001,-109,1
NM_001285931,L11496,chr7:16197221-16222032(-),chr7:16207061-16208185,-14370,1
NM_001285963,L7926,chr4:112613740-112652248(+),chr4:112638686-112639893,25549,1
NM_001286030,L12407,chr7:133720935-133782785(-),chr7:133847064-133847521,64507,1
NM_001286033,L4958,chr5:128984558-129008572(-),chr5:128981375-128982007,-8545,1
NM_001286260,L8818,chr8:107256164-107559290(+),chr8:107244145-107245970,-11107,2
NM_001286411,L7526,chr14:79481194-79582491(+),chr14:79534258-79535707,19308,1
NM_001286452,L19749,chr12:71831068-71992376(+),chr12:71969826-71971928,81334,1
NM_001286468,L2798,chr5:102481391-102897937(+),chr5:102756859-102758369,-11196,2
NM_001286647,L22595,chr17:79848390-79896123(-),chr17:79824256-79825859,-71066,1
NM_001288627,L24161,chr6:135362931-135383173(+),chr6:135363951-135365243,1666,2
NM_001289118,L6116,chr11:97490783-97500340(-),chr11:97531590-97532697,31803,1
NM_001289445,L18082,chr2:168634438-168742136(-),chr2:168742084-168742857,334,1
NM_001289471,L16141,chr15:38291464-38300711(-),chr15:38283619-38284582,-15800,1
NM_001289477,L17049,chr3:131564768-131643671(+),chr3:131552527-131553070,-11970,1
NM_001289487,L19988,chr12:111417430-111431680(+),chr12:111425389-111426554,8526,1
NM_001289497,L21363,chr1:10324719-10865874(-),chr1:10636948-10637824,-82559,1
NM_001289533,L21461,chr1:43123071-43196761(-),chr1:43224031-43225221,27865,1
NM_001289543,L2939,chr5:121660563-121687249(+),chr5:121660066-121661492,-90,1
NM_001289612,L6512,chr1:36761798-36782820(+),chr1:36784594-36785692,6159,1
NM_001289648,L22883,chr18:70472454-70501065(+),chr18:70420104-70420785,-52010,1
NM_001289654,L22704,chr18:24708623-25133507(+),chr18:24792170-24792884,83904,1
NM_001289679,L24205,chr6:146805530-146833529(+),chr6:146793345-146794323,-11696,1
NM_001289740,L23780,chr6:54681624-54703855(+),chr6:54731568-54732563,50441,1
NM_001289757,L2525,chr5:29195993-29225524(+),chr5:29083094-29083759,-112567,1
NM_001289760,L1987,chr14:16430840-17082331(-),chr14:17046582-17047410,-35335,1
NM_001289798,L2533,chr5:30155253-30184593(+),chr5:30173117-30173797,2718,1
NM_001289898,L16321,chr15:79417852-79442143(-),chr15:79424440-79426340,-16428,1
NM_001289915,L10163,chr13:43785112-43803133(+),chr13:43773996-43775603,-10313,1
NM_001289916,L14713,chr9:68653786-69388246(+),chr9:68786740-68787551,21799,1
NM_001290315,L14688,chr9:65101486-65137947(+),chr9:65084342-65085259,-16686,1
NM_001290374,L17148,chr2:5293457-5714762(-),chr2:5618461-5619033,-57299,1
NM_001290409,L11367,chr7:4425665-4445657(-),chr7:4427154-4427887,-18137,1
NM_001290419,L17239,chr2:26362765-26380653(-),chr2:26380029-26380895,-191,1
NM_001290486,L189,chr4:58435252-58553491(-),chr4:58464305-58464961,23535,1
NM_001290518,L7772,chr4:62286429-62298412(+),chr4:62286062-62286765,-16,1
NM_001290519,L5567,chr11:9016054-9048991(-),chr11:9038885-9039884,-207,1
NM_001290541,L7815,chr4:86874414-86932490(+),chr4:86929889-86931483,56272,1
NM_001290576,L17323,chr2:34171457-34372045(-),chr2:34249476-34250458,-122078,1
NM_001290659,L9228,chr2:59612042-59846213(+),chr2:59600284-59601532,-11134,1
NM_001290691,L6485,chr1:24177610-24252738(+),chr1:24310061-24311510,115582,1
NM_001290709,L10566,chr11:44618100-45008096(+),chr11:44616716-44617349,-1068,1
NM_001290753,L588,chr4:136647541-136836012(-),chr4:136801255-136802945,-33912,1
NM_001290784,L17671,chr2:101950201-102186460(-),chr2:102091485-102092029,-94703,1
NM_001290802,L11839,chr7:45233632-45239115(-),chr7:45234318-45235747,-3807,1
NM_001290818,L5147,chr19:4285999-4306222(-),chr19:4305323-4306785,-168,1
NM_001290995,L696,chr4:149176319-149307733(-),chr4:149314070-149314768,6686,1
NM_001291042,L10752,chr11:67025154-67035312(+),chr11:67017618-67018285,-7203,1
NM_001291046,L22231,chr17:27579382-27623452(-),chr17:27622936-27623957,-6,1
NM_001291056,L9649,chr2:136713450-136782428(+),chr2:136714067-136714587,641,1
NM_001291069,L12691,chr3:75876183-75956949(-),chr3:75942012-75943214,-14336,3
NM_001291212,L10909,chr11:77777235-77865988(+),chr11:77791679-77793864,-8527,1
NM_001291229,L4932,chr5:123577794-123684361(-),chr5:123683011-123685070,-321,1
NM_001291233,L5003,chr5:136248135-136567490(-),chr5:136565947-136567608,-713,2
NM_001291268,L10982,chr11:83850869-83905917(+),chr11:83891268-83891892,38620,1
NM_001291787,L20105,chr19:6341160-6355619(+),chr19:6340501-6341689,-65,1
NM_001291809,L4178,chr18:19960930-20002097(-),chr18:19631621-19632576,-369999,1
NM_001293622,L17065,chr3:136670066-136937727(+),chr3:136691702-136692965,22267,2
NM_001293667,L8342,chr8:12757016-12868728(+),chr8:12779191-12780184,22671,1
NM_001293682,L13008,chr3:123526166-123690852(-),chr3:123976141-123976930,285683,1
NM_001293685,L20400,chr19:55316057-55627461(+),chr19:55463247-55464194,147663,1
NM_001301100,L8796,chr8:105880881-105893225(+),chr8:105880557-105881711,253,1
NM_001301153,L24604,chr13:74693294-74808760(-),chr13:74824995-74825573,16524,1
NM_001301164,L8762,chr8:104534700-104550343(+),chr8:104564776-104565163,23660,1
NM_001301282,L15928,chr7:127712703-127718187(+),chr7:127712172-127713405,85,1
NM_001301298,L14040,chr8:80764431-80880519(-),chr8:80867368-80868010,-12790,1
NM_001301634,L1069,chr9:57441327-57468060(-),chr9:57467478-57468602,-20,1
NM_001301737,L17301,chr2:32308471-32353329(-),chr2:32352767-32353647,-122,1
NM_001301781,L24424,chr13:48577869-48625672(-),chr13:48608865-48609740,15911,1
NM_001301817,L18842,chr16:16416915-16599978(-),chr16:16560015-16560622,99,1
NM_001301831,L9197,chr2:43748824-44395953(+),chr2:43722516-43723490,-25821,1
NM_001301841,L493,chr4:128930233-128962455(-),chr4:128924070-128925409,-37716,1
NM_001302116,L1131,chr9:66514639-66593115(-),chr9:66603808-66604636,11107,1
NM_001302266,L14101,chr8:91111781-91135494(-),chr8:91147285-91149253,12775,1
NM_001302801,L21740,chr1:132986105-133030587(-),chr1:133033266-133034442,3267,1
NM_001302947,L5319,chr19:14448072-14598183(-),chr19:14992155-14994006,394897,1
NM_001302957,L17112,chr3:146852367-146984008(+),chr3:146844487-146846205,-7021,1
NM_001303273,L9440,chr2:101678420-101701668(+),chr2:101665206-101665839,-12898,1
NM_001303408,L21854,chr1:161240112-161251210(-),chr1:161286471-161287327,35689,1
NM_001304267,L15924,chr7:127561223-127565270(+),chr7:127561313-127563184,1025,1
NM_001304761,L1073,chr9:57626646-57653631(-),chr9:57645242-57645952,-56,2
NM_001304830,L3947,chr15:79346621-79359076(+),chr15:79342825-79343439,-3489,1
NM_001305185,L12278,chr7:116123485-116308376(-),chr7:116230872-116231753,-6464,1
NM_001305284,L251,chr4:81278499-81442815(-),chr4:81190144-81190934,-252276,1
NM_001305461,L12950,chr3:108148321-108154932(-),chr3:108164465-108166070,10335,1
NM_001305675,L20528,chrX:23693051-23806001(+),chrX:23754704-23755099,61850,1
NM_001305935,L14777,chr9:83925137-84124240(+),chr9:84194485-84195599,246261,1
NM_001305980,L4247,chr18:37843601-37935476(-),chr18:37907990-37909030,-26966,1
NM_001306071,L6087,chr11:95044475-95076811(-),chr11:95076118-95078297,396,1
NM_001306088,L5434,chr19:43846815-43940198(-),chr19:43886244-43886835,6771,1
NM_001306203,L7123,chr1:191575636-191623690(+),chr1:191579590-191580050,4184,1
NM_001308266,L6555,chr1:51987148-52107189(+),chr1:51969984-51970671,-16821,1
NM_001308327,L3237,chr10:24637914-24712159(-),chr10:24765173-24765867,53361,1
NM_001308328,L7236,chr14:30951377-30988821(+),chr14:30973900-30974914,23030,1
NM_001308446,L8246,chr4:151089570-151091449(+),chr4:151411194-151412694,322374,1
NM_001308486,L24356,chr13:29191746-29855673(-),chr13:29526594-29527237,-328758,1
NM_001309390,L14458,chr9:37401972-37414023(+),chr9:37406192-37406909,4578,1
NM_001309430,L7201,chr14:25459185-25666743(+),chr14:25527354-25527983,-6771,1
NM_001310335,L6551,chr1:46425518-46807477(+),chr1:46408181-46409216,-16820,1
NM_001310452,L2060,chr14:33377899-33447158(-),chr14:33313452-33314485,-97056,1
NM_001310469,L16082,chr15:6813577-6874313(-),chr15:6943058-6943977,69204,1
NM_001310481,L16160,chr15:50654759-50890041(-),chr15:50692446-50693437,-196108,1
NM_001310482,L16664,chr3:51661179-51682674(+),chr3:51660219-51661642,-249,2
NM_001310483,L6486,chr1:24678544-24766301(+),chr1:24731886-24732876,53463,1
NM_001310509,L11085,chr11:97050820-97068904(+),chr11:97082891-97084384,19869,1
NM_001310516,L2541,chr5:30814641-30866106(+),chr5:30774862-30775515,-39453,1
NM_001310530,L8713,chr8:90828835-91054508(+),chr8:90864021-90864862,35606,1
NM_001310550,L2586,chr5:34915915-34923839(+),chr5:34902326-34903420,-13042,1
NM_001310603,L2277,chr14:61531851-61556886(-),chr14:61559750-61560495,3236,1
NM_001310617,L21530,chr1:65013078-65032759(-),chr1:65009658-65010649,-22606,1
NM_001310640,L16805,chr3:89454541-89469009(+),chr3:89484751-89485612,25610,1
NM_001310641,L9599,chr2:128592341-128596843(+),chr2:128572827-128573621,-19117,1
NM_001310661,L14274,chr8:123242356-123254222(-),chr8:123253250-123255365,85,1
NM_001310687,L15318,chr7:28716782-28738140(+),chr7:28726392-28727086,9949,1
NM_001310712,L4861,chr5:115168691-115194381(-),chr5:115186827-115187991,1288,1
NM_001310760,L15659,chr7:96171244-96911092(+),chr7:96238187-96238936,-10863,1
NM_001310837,L24200,chr6:145931873-145965225(+),chr6:145992830-145993554,59070,1
NM_001311069,L1020,chr9:50662753-50737735(-),chr9:50739088-50739894,1756,1
NM_001311086,L13184,chr6:30366384-30391020(-),chr6:30352263-30353247,-38265,1
NM_001311091,L21727,chr1:130906985-130911296(-),chr1:130902206-130903034,-8676,1
NM_001311105,L14725,chr9:72274888-72363771(+),chr9:72260250-72260830,-14348,1
NM_001311109,L13223,chr6:39397816-39420369(-),chr6:39400253-39401345,-18977,1
NM_001311122,L24333,chr13:24012481-24280790(-),chr13:24272598-24273481,-7732,1
NM_001311148,L21776,chr1:138483837-138619757(-),chr1:138606669-138607373,-12736,1
NM_001311157,L14899,chr9:108347831-108392545(+),chr9:108346993-108348897,114,2
NM_001313919,L19761,chr12:73901324-73947554(+),chr12:73807199-73808621,-93414,1
NM_001313934,L19871,chr12:100199435-100209824(+),chr12:100219716-100220612,20020,1
NM_001313936,L6346,chr11:115644045-115708597(-),chr11:115722456-115723456,14359,1
NM_001313963,L6192,chr11:100140811-100145926(-),chr11:100168035-100169813,22998,1
NM_001313977,L19760,chr12:73584796-73778184(+),chr12:73719785-73720211,135202,1
NM_001316370,L18344,chr10:59323296-59373304(+),chr10:59292456-59293039,-30549,1
NM_001316671,L7880,chr4:104766317-104804548(+),chr4:104597150-104598464,-168510,1
NM_001316688,L12780,chr3:90385233-90389938(-),chr3:90383659-90384375,-5921,1
NM_001316691,L1299,chr9:107254927-107289877(-),chr9:107271307-107272744,-17371,1
NM_001316715,L20997,chr16:4939111-4941028(+),chr16:4913017-4914347,-25429,1
NM_001316728,L10826,chr11:70647235-70651414(+),chr11:70646536-70648089,77,1
NM_001316751,L12850,chr3:95830124-95855885(-),chr3:95855541-95856639,205,2
NM_001317350,L15963,chr7:131560370-131571892(+),chr7:131655837-131656724,95786,1
NM_001317391,L14025,chr8:72814598-73353540(-),chr8:73275756-73276395,-77465,1
NM_001317733,L17098,chr3:145292472-145552011(+),chr3:145267826-145268781,-24169,1
NM_001320300,L6008,chr11:83440768-83463040(-),chr11:83457815-83458457,-4904,1
NM_001324472,L1152,chr9:70798128-70952221(-),chr9:70834504-70835446,-99833,1
NM_001324533,L14863,chr9:106429411-106431568(+),chr9:106421466-106422103,-7627,1
NM_001326288,L12561,chr3:23798103-24784006(-),chr3:24321587-24322563,-461931,1
NM_001330001,L12471,chr7:141633459-141655393(-),chr7:141670987-141671626,15913,1
NM_001331048,L8811,chr8:106870242-106882902(+),chr8:106862707-106863468,-7155,1
NM_001331114,L5792,chr11:61223417-61267528(-),chr11:61283528-61284929,16700,2
NM_001331118,L5873,chr11:70241457-70255370(-),chr11:70284476-70285204,29470,1
NM_001331233,L23501,chr17:75005529-75392512(+),chr17:75033117-75034596,28327,2
NM_001346526,L7687,chr4:42916606-42944750(+),chr4:42933410-42934515,3154,1
NM_001346637,L13491,chr6:97286867-97617657(-),chr6:97574858-97575983,-42237,1
NM_001346703,L5428,chr19:42755190-42779978(-),chr19:42794841-42795883,15384,1
NM_001346718,L13016,chr3:127807007-127837523(-),chr3:127847931-127848732,10808,1
NM_001346737,L22188,chr17:25234296-25240140(-),chr17:25239556-25240630,-23,1
NM_001346762,L10917,chr11:78094690-78157339(+),chr11:78094229-78095492,170,1
NM_001346774,L6337,chr11:115347707-115367756(-),chr11:115367345-115368003,-45,1
NM_001346964,L19120,chr16:87895901-88290216(-),chr16:88371970-88372489,82013,1
NM_001346967,L21834,chr1:156330415-156420915(-),chr1:156403231-156404528,-17036,1
NM_001347095,L151,chr4:46376975-46389437(-),chr4:46374584-46375445,-14409,1
NM_001347100,L23646,chr6:34598504-34775469(+),chr6:34597983-34600018,496,1
NM_001347122,L13216,chr6:38305286-38354603(-),chr6:38345706-38346322,-8589,1
NM_001347159,L335,chr4:106744555-106805007(-),chr4:106838845-106839662,34246,1
NM_001347161,L9246,chr2:68861441-69114283(+),chr2:68769322-68770100,-91730,2
NM_001347162,L18787,chr16:4480212-4523066(-),chr16:4474771-4475360,-48001,1
NM_001347183,L21146,chr16:32419702-32429099(+),chr16:32419407-32420504,253,1
NM_001347191,L18397,chr10:71347763-71385885(+),chr10:71375661-71376672,28403,1
NM_001347209,L13281,chr6:49243921-49264052(-),chr6:49281960-49282561,18208,1
NM_001347221,L587,chr4:136550533-136602723(-),chr4:136569721-136570807,-32459,1
NM_001347240,L19028,chr16:50191844-50432466(-),chr16:50462002-50462896,29983,1
NM_001347313,L13396,chr6:83362374-83456392(-),chr6:83399528-83400568,-1054,2
NM_001347328,L2559,chr5:31526995-31554038(+),chr5:31526204-31527876,45,1
NM_001347397,L4832,chr5:113086323-113221276(-),chr5:113180059-113181006,17219,1
NM_001347404,L19308,chr12:51988306-52006507(-),chr12:52001442-52002047,-4763,1
NM_001347417,L19809,chr12:84069324-84076020(+),chr12:84068076-84070088,-242,1
NM_001347445,L2916,chr5:118560719-118765437(+),chr5:118466183-118466859,-94198,1
NM_001347446,L10582,chr11:48826138-48851187(+),chr11:48825996-48826999,359,2
NM_001347456,L4925,chr5:123035789-123047016(-),chr5:123038943-123039833,-7628,1
NM_001347461,L22668,chr18:12333934-12583012(+),chr18:12497691-12498237,-6233,1
NM_001347502,L2077,chr14:36874936-36968764(-),chr14:36962349-36962989,-6095,1
NM_001347508,L10111,chr13:30749233-30766981(+),chr13:30744362-30745420,-4342,1
NM_001347541,L12484,chr7:142326110-142373746(-),chr7:142340131-142342220,-31084,1
NM_001347624,L4212,chr18:33199138-33213862(-),chr18:33228770-33229769,15407,1
NM_001347628,L7543,chr14:101729928-101934693(+),chr14:101822226-101823176,-17922,2
NM_001347630,L12401,chr7:132712084-132813848(-),chr7:132784376-132785867,-1814,1
NM_001348055,L4337,chr18:64456542-64489098(-),chr18:64482431-64483160,-6303,1
NM_001348087,L18959,chr16:33954782-33967038(-),chr16:34000552-34001200,33838,1
NM_001348231,L23098,chr17:24669687-24682023(+),chr17:24667109-24667760,-2253,1
NM_001355011,L2131,chr14:46775568-46788357(-),chr14:46794086-46794850,6111,1
NM_001355054,L15328,chr7:28982050-29003278(+),chr7:29000915-29001763,18485,1
NM_001355134,L21636,chr1:89952591-90014666(-),chr1:90051091-90051680,36719,1
NM_001355145,L12246,chr7:109279216-109439053(-),chr7:109438826-109440144,432,1
NM_001355175,L7968,chr4:117835258-117869305(+),chr4:117829242-117830638,-5318,1
NM_001355183,L7602,chr4:9269293-9451691(+),chr4:9444156-9445081,175301,1
NM_001355184,L159,chr4:48190711-48279635(-),chr4:48242495-48243288,29676,1
NM_001355432,L12669,chr3:65946151-65958249(-),chr3:65881379-65881957,-76581,1
NM_001355492,L182,chr4:56991973-57143156(-),chr4:57091152-57091792,-51684,1
NM_001355515,L8162,chr4:140961271-140979198(+),chr4:140971416-140972051,10462,1
NM_001355544,L17327,chr2:34852089-34870962(-),chr2:34863227-34864091,-7303,1
NM_001355554,L9021,chr2:24962422-24972186(+),chr2:24962011-24963335,251,1
NM_001355617,L4025,chr15:89076064-89087075(+),chr15:89078110-89078638,2293,1
NM_001355687,L13427,chr6:86386006-86397150(-),chr6:86396415-86397779,-53,1
NM_001355716,L7596,chr4:5644090-5801101(+),chr4:5646134-5646611,2282,1
NM_001355722,L23464,chr17:57358686-57483529(+),chr17:57334871-57336294,-23104,1
NM_001355737,L706,chr4:150629396-150652174(-),chr4:150625389-150626775,-26092,1
NM_001356276,L325,chr4:103170651-103215176(-),chr4:103199640-103200333,-15190,1
NM_001356302,L23205,chr17:32536557-32551798(+),chr17:32536246-32537044,88,1
NM_001356311,L483,chr4:127047094-127061154(-),chr4:127060493-127061592,-112,1
NM_001356316,L16785,chr3:88579608-88588420(+),chr3:88579226-88580237,123,1
NM_001356323,L8243,chr4:150853796-150868889(+),chr4:150836513-150838210,-16435,1
NM_001356371,L13526,chr6:114860628-114969203(-),chr6:114882762-114883926,-38477,1
NM_001356374,L6271,chr11:105933702-105944487(-),chr11:105911358-105912247,-32685,1
NM_001356412,L23941,chr6:90550793-90599171(+),chr6:90538036-90538596,-12477,1
NM_001356453,L19010,chr16:45139573-45158673(-),chr16:45141601-45142890,-16428,1
NM_001356455,L473,chr4:126164083-126202710(-),chr4:126226895-126228056,24765,1
NM_001356461,L7090,chr1:182764044-182896589(+),chr1:182763397-182764745,27,1
NM_001356524,L17019,chr3:121953229-122016677(+),chr3:121884809-121886021,-67814,1
NM_001356627,L16553,chr15:103313895-103340086(-),chr15:103323511-103324442,-10362,1
NM_001356947,L20355,chr19:45560585-45578289(+),chr19:45559982-45561170,-9,1
NM_001357037,L3029,chr5:135632654-135646376(+),chr5:135616109-135616477,-16361,1
NM_001357087,L18946,chr16:31959670-32003287(-),chr16:32009934-32010639,6999,1
NM_001357105,L23379,chr17:45563936-45567669(+),chr17:45563763-45565003,447,1
NM_001357110,L12939,chr3:107663120-107696560(-),chr3:107685729-107687100,-9642,1
NM_001357149,L6670,chr1:75546266-75559431(+),chr1:75607853-75608978,61953,2
NM_001357159,L12531,chr3:10244209-10301183(-),chr3:10249090-10249957,-4702,1
NM_001357169,L6665,chr1:75435936-75443179(+),chr1:75435637-75436391,78,1
NM_001357231,L7920,chr4:111720010-111829141(+),chr4:111686848-111688168,-32502,1
NM_001357232,L14234,chr8:117791637-117801974(-),chr8:117779157-117779940,-22426,1
NM_001357261,L952,chr9:41964709-42124297(-),chr9:42100511-42102489,-22797,1
NM_001357407,L14668,chr9:60794442-60880431(+),chr9:60836922-60838698,43368,1
NM_001357494,L1150,chr9:70425424-70503775(-),chr9:70510069-70512667,7593,1
NM_001357498,L22846,chr18:61555273-61590320(+),chr18:61548484-61549253,-6405,1
NM_001357529,L8118,chr4:135946448-135962668(+),chr4:135946036-135947250,195,1
NM_001357565,L14355,chr9:15709738-15742387(+),chr9:15746720-15748054,37649,1
NM_001357568,L14624,chr9:55326913-55438344(+),chr9:55311491-55312334,-15001,1
NM_001357669,L3964,chr15:80977765-81012290(+),chr15:81027324-81028038,49916,1
NM_001357797,L11052,chr11:95384856-95391776(+),chr11:95392872-95394336,8748,1
NM_001357911,L14720,chr9:70542715-70592237(+),chr9:70533267-70533828,-9168,1
NM_001357952,L15831,chr7:112023506-112111386(+),chr7:111976314-111977413,-46643,1
NM_001357953,L16377,chr15:83483769-83518474(-),chr15:83510639-83511287,56,1
NM_001357968,L14996,chr9:121297502-121474918(+),chr9:121297088-121299394,739,1
NM_001357982,L4092,chr15:100469011-100479252(+),chr15:100463512-100463983,-5264,2
NM_001357995,L23165,chr17:28177196-28205886(+),chr17:28176602-28177640,-75,1
NM_001358033,L11617,chr7:24431920-24445682(-),chr7:24448955-24449664,3627,1
NM_001358045,L16217,chr15:73205105-73423191(-),chr15:73434704-73435495,11908,1
NM_001358058,L16445,chr15:96994823-97055956(-),chr15:96878610-96879697,-141206,1
NM_001358260,L9638,chr2:132686931-132751055(+),chr2:132686654-132687506,149,1
NM_001358428,L18907,chr16:22381313-22439570(-),chr16:22388694-22389680,-49181,1
NM_001358455,L8089,chr4:133369735-133423702(+),chr4:133399201-133400349,29999,1
NM_001358490,L19095,chr16:73892306-75092770(-),chr16:74160382-74161103,-181325,1
NM_001358536,L3682,chr10:128630843-128645993(-),chr10:128645460-128646985,229,1
NM_001358782,L18198,chr10:13966075-14151378(+),chr10:14215470-14216397,249554,1
NM_001358790,L23283,chr17:35320547-35325099(+),chr17:35301582-35302230,-18641,1
NM_001358803,L18501,chr10:80855275-80868708(+),chr10:80854585-80856458,246,1
NM_001358852,L15331,chr7:29170210-29173933(+),chr7:29169659-29171356,297,1
NM_001358917,L4920,chr5:122550204-122614544(-),chr5:122613945-122615017,-63,1
NM_001359107,L11053,chr11:95414083-95493410(+),chr11:95402429-95404283,-10727,1
NM_001359172,L4466,chr5:23503356-23676460(-),chr5:23665436-23666373,-10063,1
NM_001359234,L19562,chr12:112820229-112829521(-),chr12:112843199-112844246,14201,1
NM_001359281,L21580,chr1:75247041-75264208(-),chr1:75251504-75252119,-11960,1
NM_001359368,L11307,chr11:118476832-118489206(+),chr11:118485333-118486253,8961,1
NM_001359377,L3667,chr10:127990933-128007611(-),chr10:128008344-128008757,939,1
NM_001359433,L3148,chr5:147430156-147548501(+),chr5:147557494-147558492,127837,1
NM_001359445,L5067,chr5:143316489-143329238(-),chr5:143328516-143329959,-1,1
NM_001359506,L18608,chr10:98914642-99026143(+),chr10:98667726-98669303,-246128,1
NM_001359513,L4931,chr5:123528760-123573015(-),chr5:123586663-123587296,13964,1
NM_001359576,L22012,chr1:188971096-189007840(-),chr1:188784753-188785589,-222669,1
NM_001359590,L6289,chr11:107033081-107132147(-),chr11:107137506-107138328,5770,1
NM_001359720,L18681,chr10:121739930-121752865(+),chr10:121705180-121706420,-34130,1
NM_001359868,L7180,chr14:20294690-20317578(+),chr14:20294402-20295161,91,1
NM_001359949,L2941,chr5:121848997-121854603(+),chr5:121842575-121843702,-5859,2
NM_001360050,L2389,chr14:99076634-99099770(-),chr14:99124040-99124801,24650,1
NM_001360070,L7323,chr14:49066549-49090740(+),chr14:49048023-49049216,-17930,1
NM_001360080,L15540,chr7:56050155-56231798(+),chr7:56113848-56114931,64000,1
NM_001360211,L2285,chr14:63145151-63179578(-),chr14:63185599-63186250,6346,1
NM_001360327,L1991,chr14:18573566-18894267(-),chr14:18773647-18774843,-119168,1
NM_001360385,L2299,chr14:65052059-65098106(-),chr14:65126485-65127895,29084,1
NM_001360485,L12464,chr7:141426446-141429562(-),chr7:141429181-141429777,-83,1
NM_001360519,L10378,chr13:102693547-102706631(+),chr13:102678295-102679206,-14797,1
NM_001360643,L7409,chr14:56886603-56962358(+),chr14:56885102-56885969,-1068,1
NM_001360706,L24677,chr13:100460230-100492609(-),chr13:100506973-100507725,14740,1
NM_001360745,L12037,chr7:89140022-89404222(-),chr7:89181160-89181999,-157208,1
NM_001360752,L12038,chr7:89507783-89527187(-),chr7:89476956-89478096,-39899,1
NM_001360784,L11857,chr7:45729983-45759612(-),chr7:45739304-45739852,-2900,1
NM_001360800,L6528,chr1:40084714-40125230(+),chr1:40115373-40116695,29941,1
NM_001360875,L608,chr4:138750533-138757598(-),chr4:138755392-138757794,-1005,1
NM_001360882,L12383,chr7:128271379-128298131(-),chr7:128310153-128310894,12392,1
NM_001360903,L12263,chr7:111471656-111779977(-),chr7:111600279-111601637,-179019,1
NM_001360916,L15918,chr7:127244526-127254871(+),chr7:127243440-127244898,-357,1
NM_001360917,L22813,chr18:56400340-56503792(+),chr18:56443273-56444025,11517,1
NM_001360981,L22652,chr18:5591860-5775468(+),chr18:5819457-5820767,227465,1
NM_001361073,L22764,chr18:38993145-39376285(+),chr18:39038952-39040086,46366,1
NM_001361209,L4258,chr18:39410545-39519421(-),chr18:39489443-39490466,178,1
NM_001361916,L19542,chr12:110976420-110979040(-),chr12:110936207-110936847,-42091,1
NM_001361928,L19276,chr12:31926455-31950245(-),chr12:31949205-31949666,-810,1
NM_001362218,L10209,chr13:54302556-54383917(+),chr13:54282257-54283453,-19701,1
NM_001362387,L10300,chr13:73626911-73649843(+),chr13:73646475-73647285,19969,1
NM_001362451,L5166,chr19:5133685-5273119(-),chr19:5256963-5257797,-15727,1
NM_001362486,L18804,chr16:8633731-8637711(-),chr16:8643634-8644265,6238,1
NM_001362560,L11078,chr11:96789135-96808643(+),chr11:96788830-96789946,253,1
NM_001362684,L9589,chr2:127270229-127298934(+),chr2:127277817-127278579,7969,1
NM_001362685,L5702,chr11:51985138-52000786(-),chr11:51999680-52001135,-84,1
NM_001362722,L17176,chr2:17342673-17731134(-),chr2:17768958-17769997,38343,1
NM_001362733,L9105,chr2:30416050-30447807(+),chr2:30435443-30436253,-6005,1
NM_001362788,L143,chr4:45316613-45320616(-),chr4:45319643-45320898,-346,1
NM_001362841,L10849,chr11:73018988-73042065(+),chr11:73022857-73023560,4220,1
NM_001362866,L17872,chr2:131992850-132030324(-),chr2:132063826-132064926,34052,1
NM_001362901,L5950,chr11:76220395-76243699(-),chr11:76235808-76236857,-7367,1
NM_001362963,L17425,chr2:70712408-70825480(-),chr2:70805729-70806722,-18579,1
NM_001362990,L9226,chr2:59160850-59355205(+),chr2:59170860-59172161,9641,2
NM_001363053,L17776,chr2:120316461-120353137(-),chr2:120352384-120353413,-235,1
NM_001363076,L17407,chr2:65088339-65238791(-),chr2:65257924-65258843,19592,1
NM_001363082,L8975,chr2:11777753-11790323(+),chr2:12006996-12007861,229675,1
NM_001363158,L11302,chr11:117825919-117839908(+),chr11:117832144-117832833,384,1
NM_001363282,L10507,chr11:23008347-23023742(+),chr11:23074552-23075492,61635,1
NM_001363437,L11007,chr11:87663087-87735539(+),chr11:87709382-87710801,10194,1
NM_001363500,L8935,chr8:126139125-126395977(+),chr8:126082975-126084143,-55566,1
NM_001364643,L18194,chr10:13090832-13131694(+),chr10:13098824-13100560,8847,1
NM_001364844,L4065,chr15:98708194-98723340(+),chr15:98699314-98699991,-8542,1
NM_001364916,L22264,chr17:31255020-31277296(-),chr17:31254350-31255109,-22567,1
NM_001365019,L22862,chr18:65430990-65478825(+),chr18:65489846-65490884,59375,1
NM_001368287,L21462,chr1:43746961-43827839(-),chr1:43818988-43819572,-7304,1
NM_001368299,L13780,chr8:8617436-8661242(-),chr8:8298888-8300484,-361556,1
NM_001368305,L3301,chr10:43950307-44148828(-),chr10:44070849-44071720,49009,1
NM_001368309,L23511,chr17:79614900-79684976(+),chr17:79663256-79664217,37061,1
NM_001368316,L8813,chr8:106935740-107014232(+),chr8:106935309-106937497,663,1
NM_001368328,L8806,chr8:106415327-106426942(+),chr8:106432549-106433611,17753,1
NM_001368621,L7811,chr4:86053915-86428382(+),chr4:85920476-85920893,-133231,1
NM_001368773,L6503,chr1:34678182-34812738(+),chr1:34657349-34657920,-20548,1
NM_001368808,L21884,chr1:165865154-166002634(-),chr1:165869684-165870100,-65056,1
NM_001368931,L10704,chr11:59662495-59780862(+),chr11:59655125-59656438,-6714,1
NM_001369056,L17814,chr2:125736986-125782870(-),chr2:125792307-125793556,10061,1
NM_001369177,L8135,chr4:137862237-137965229(+),chr4:137853406-137854338,-8365,1
NM_001369202,L12514,chr7:145183010-145284011(-),chr7:145243003-145243678,35221,1
NM_001370848,L331,chr4:106498808-106506335(-),chr4:106529723-106530593,23823,1
NM_001370864,L15175,chr7:19249435-19256545(+),chr7:19257201-19258745,8538,1
NM_001370865,L21825,chr1:155212471-155244532(-),chr1:155281262-155282268,37233,1
NM_001370888,L19166,chr16:92327174-92333221(-),chr16:92335739-92336781,3039,1
NM_001372563,L772,chr9:8992507-9239027(-),chr9:9245786-9246467,7099,1
NM_001373897,L5529,chr11:4480868-4594815(-),chr11:4593737-4595231,-306,1
NM_001373899,L11226,chr11:108425266-108860615(+),chr11:108424539-108425849,-72,1
NM_001373962,L24505,chr13:59771876-59823147(-),chr13:59869826-59870612,47072,2
NM_001373989,L20024,chr12:117516526-117759737(+),chr12:117539782-117540869,6397,1
NM_001374212,L19724,chr12:65036334-65063386(+),chr12:65022777-65023352,-13270,1
NM_001374607,L15167,chr7:19076200-19082775(+),chr7:19075696-19077006,151,1
NM_001374618,L15824,chr7:110061702-110095394(+),chr7:110087815-110088425,26409,1
NM_001374626,L6867,chr1:134182156-134190031(+),chr1:134150926-134152274,-30556,1
NM_001374672,L17751,chr2:118130268-118256966(-),chr2:118256433-118257428,-26,1
NM_001374688,L5934,chr11:74849264-74897069(-),chr11:74876786-74877229,8813,1
NM_001376939,L19414,chr12:83945213-83984834(-),chr12:83971958-83972600,-12555,1
NM_001376954,L6848,chr1:132007620-132026448(+),chr1:132007139-132008704,-181,1
NM_001376971,L4622,chr5:65446844-65537149(-),chr5:65504857-65506367,12624,1
NM_001377039,L7084,chr1:181576593-181814741(+),chr1:181545348-181545893,-30973,1
NM_001377098,L271,chr4:88410342-88438915(-),chr4:88336615-88338648,-101284,1
NM_001378375,L6725,chr1:88055411-88220002(+),chr1:88102517-88104333,168,1
NM_001378919,L20114,chr19:7056768-7198062(+),chr19:7054680-7055491,-1683,1
NM_001378987,L17000,chr3:109340683-109685694(+),chr3:109622192-109624097,49137,2
NM_001379084,L3461,chr10:80642623-80656494(-),chr10:80656462-80657415,444,1
NM_001379353,L1076,chr9:57790353-57836779(-),chr9:57870206-57870904,33776,1
NM_001379381,L9204,chr2:49787683-49948849(+),chr2:49726917-49727801,-60324,1
NM_001379527,L5267,chr19:10962290-10974700(-),chr19:10976061-10976793,1727,1
NM_001379582,L13031,chr3:131318986-131491443(-),chr3:131364339-131365591,20057,1
NM_001379600,L14913,chr9:108783812-108806333(+),chr9:108795532-108797064,304,1
NM_001381862,L15833,chr7:112368308-112413104(+),chr7:112368628-112370316,1164,1
NM_001382215,L13975,chr8:69894163-69902558(-),chr8:69918644-69919572,16550,1
NM_001382511,L15609,chr7:80860931-80876542(+),chr7:80839931-80841407,-20262,1
NM_001382856,L10132,chr13:34734850-34747622(+),chr13:34725889-34726796,-8508,1
NM_001384233,L11272,chr11:115857925-115892617(+),chr11:115858791-115860153,1547,1
NM_007378,L17020,chr3:122044460-122180061(+),chr3:122104256-122105291,60313,1
NM_007381,L21539,chr1:66830839-66863309(-),chr1:66883616-66884659,20828,1
NM_007395,L4098,chr15:101174072-101213684(+),chr15:101197528-101198667,4228,1
NM_007409,L17075,chr3:138277585-138290697(+),chr3:138260658-138261233,-16640,1
NM_007420,L4328,chr18:62177713-62179981(-),chr18:62127431-62128774,-51879,1
NM_007421,L20002,chr12:112620047-112641355(+),chr12:112629133-112629878,9458,1
NM_007457,L5006,chr5:137034998-137046108(-),chr5:137045194-137046649,-187,1
NM_007481,L19733,chr12:69372150-69375980(+),chr12:69389368-69390483,17775,1
NM_007494,L9116,chr2:31470270-31520670(+),chr2:31482849-31484464,13348,1
NM_007503,L14568,chr9:45399709-45410278(+),chr9:45416026-45417714,10780,1
NM_007520,L21294,chr16:87698954-87733346(+),chr16:87661019-87661798,-37546,4
NM_007548,L3302,chr10:44437174-44458748(-),chr10:44518296-44519336,60068,1
NM_007551,L976,chr9:44511787-44526444(-),chr9:44515059-44515777,-11026,1
NM_007556,L10145,chr13:38345716-38500314(+),chr13:38320051-38321256,-25063,1
NM_007557,L18099,chr2:172868012-172940321(-),chr2:172876630-172878454,-62779,1
NM_007562,L12002,chr7:81966662-81992299(-),chr7:81978268-81978922,-13704,1
NM_007564,L19394,chr12:80107760-80113013(-),chr12:80098327-80099391,-14154,1
NM_007583,L16295,chr15:77993623-78119280(-),chr15:78119735-78120204,689,1
NM_007604,L23586,chr6:17637010-17666972(+),chr6:17634924-17635785,-1656,1
NM_007608,L14256,chr8:121916138-121944912(-),chr8:121932023-121933127,-12337,1
NM_007619,L964,chr9:44149262-44234046(-),chr9:44199254-44200213,-34313,1
NM_007657,L13613,chr6:125460266-125494760(-),chr6:125467267-125469274,-26490,1
NM_007662,L8898,chr8:122848374-122867397(+),chr8:122834080-122835280,-13694,1
NM_007670,L287,chr4:89306289-89311032(-),chr4:89490861-89491403,180100,1
NM_007679,L21043,chr16:15887286-15889545(+),chr16:15984162-15985226,97408,1
NM_007754,L5954,chr11:76777208-76847008(-),chr11:76823577-76824215,-23112,1
NM_007771,L3511,chr10:85131700-85185054(-),chr10:85220842-85221647,36190,1
NM_007772,L10156,chr13:42052021-42185026(+),chr13:42049544-42051710,-1394,2
NM_007798,L7441,chr14:63122462-63145923(+),chr14:63102942-63104562,-18710,1
NM_007876,L8903,chr8:123186235-123201813(+),chr8:123190568-123192176,5137,1
NM_007881,L13593,chr6:124742544-124756487(-),chr6:124759159-124759732,2958,1
NM_007910,L12765,chr3:89333393-89338028(-),chr3:89338958-89339806,1354,1
NM_008008,L9581,chr2:126034658-126091185(+),chr2:126030878-126031737,-3351,1
NM_008027,L23299,chr17:35823357-35832787(+),chr17:35829470-35830192,6474,1
NM_008044,L5343,chr19:24259545-24280590(-),chr19:24271662-24272382,-8568,1
NM_008137,L20218,chr19:16435667-16610818(+),chr19:16585151-16585863,149840,1
NM_008155,L11758,chr7:34201327-34230336(-),chr7:34213334-34214092,-16623,1
NM_008187,L14129,chr8:95420250-95434869(-),chr8:95441497-95442140,6949,1
NM_008197,L3940,chr15:79028212-79030500(+),chr15:79027945-79029173,347,1
NM_008206,L23236,chr17:34092379-34095234(+),chr17:34079516-34080017,-12613,1
NM_008210,L21981,chr1:180802560-180813605(-),chr1:180793359-180794525,-19663,1
NM_008266,L11076,chr11:96365758-96368253(+),chr11:96366173-96367299,978,1
NM_008277,L4927,chr5:123171807-123182723(-),chr5:123171451-123172301,-10847,1
NM_008290,L8862,chr8:117701946-117759029(+),chr8:117701748-117703357,606,1
NM_008305,L8132,chr4:137468803-137570630(+),chr4:137539933-137541269,2315,1
NM_008325,L2835,chr5:108660331-108685446(+),chr5:108651650-108652759,-8127,1
NM_008344,L4113,chr15:102144186-102149512(+),chr15:102144932-102146130,1345,1
NM_008373,L24481,chr13:56479277-56482257(-),chr13:56476555-56477536,-5212,1
NM_008391,L8504,chr8:46739745-46847458(+),chr8:46811192-46811838,71770,1
NM_008402,L9307,chr2:83724397-83806917(+),chr2:83728328-83728866,4200,1
NM_008434,L16057,chr7:143107254-143427042(+),chr7:143153605-143154300,46698,1
NM_008453,L2654,chr5:64803521-64832901(+),chr5:64743976-64744575,-59246,1
NM_008455,L13917,chr8:45266688-45294835(-),chr8:45278039-45279149,-16241,1
NM_008485,L21811,chr1:153122756-153186447(-),chr1:153153454-153154318,-32561,1
NM_008496,L15326,chr7:28864386-28866284(+),chr7:28866034-28867993,2627,1
NM_008498,L6018,chr11:84517975-84525534(-),chr11:84522290-84524084,-2347,1
NM_008514,L13692,chr6:134446478-134566913(-),chr6:134500397-134501465,-65982,1
NM_008520,L20085,chr19:5740900-5758532(+),chr19:5748993-5750064,8628,1
NM_008539,L14035,chr8:79338396-79399428(-),chr8:79515089-79515840,116036,1
NM_008549,L23469,chr17:64601649-64755110(+),chr17:64621764-64622836,20651,1
NM_008563,L21388,chr1:20802968-20820312(-),chr1:20847926-20848984,28143,1
NM_008564,L13454,chr6:88883474-88898780(-),chr6:88898272-88898969,-160,1
NM_008585,L22421,chr17:43474329-43502773(-),chr17:43518707-43519220,16190,1
NM_008588,L11975,chr7:79792241-79793590(-),chr7:79792341-79793489,-675,1
NM_008597,L13709,chr6:136872435-136875823(-),chr6:136897559-136898758,22335,1
NM_008610,L8718,chr8:92827297-92853421(+),chr8:92818024-92818592,-8989,1
NM_008612,L19757,chr12:73123717-73273988(+),chr12:73123269-73124612,223,1
NM_008634,L24669,chr13:99421464-99516602(-),chr13:99475333-99475901,-40985,1
NM_008653,L9411,chr2:91118144-91136516(+),chr2:91114951-91115802,-2768,1
NM_008667,L21479,chr1:52455849-52500448(-),chr1:52454011-52455245,-45820,1
NM_008706,L14183,chr8:107388225-107403205(-),chr8:107388056-107390178,-14088,1
NM_008711,L6059,chr11:89300638-89302559(-),chr11:89303227-89303862,985,1
NM_008716,L22271,chr17:32120820-32166890(-),chr17:32169663-32170543,3213,1
NM_008718,L11502,chr7:16455721-16476780(-),chr7:16491652-16492378,15235,1
NM_008720,L4167,chr18:12189694-12236386(-),chr18:12269765-12270479,33736,1
NM_008723,L5457,chr19:45747734-45749565(-),chr19:45748480-45749822,-414,1
NM_008740,L6265,chr11:103821783-103954056(-),chr11:103896916-103897649,-56774,1
NM_008757,L3805,chr15:38219203-38226735(+),chr15:38213046-38214172,-5594,1
NM_008850,L10888,chr11:75588079-75628804(+),chr11:75573054-75573618,-14743,1
NM_008851,L20049,chr19:4099998-4113965(+),chr19:4099133-4100304,-280,1
NM_008889,L20112,chr19:6975048-6977324(+),chr19:6975227-6976545,838,1
NM_008898,L3030,chr5:135689145-135735326(+),chr5:135702253-135703304,13633,1
NM_008938,L23398,chr17:46910478-46924933(+),chr17:46903612-46904483,-6431,1
NM_008992,L19420,chr12:84602531-84617466(-),chr12:84616775-84617998,-80,1
NM_009036,L9835,chr2:164403194-164415448(+),chr2:164382932-164384378,-19539,1
NM_009037,L17695,chr2:105385948-105399319(-),chr2:105375288-105375953,-23699,1
NM_009053,L6423,chr11:120780745-120784204(-),chr11:120783180-120785062,-83,1
NM_009054,L10019,chr13:21179931-21194723(+),chr13:21214576-21216017,35365,1
NM_009056,L22519,chr17:56775897-56831008(-),chr17:56810037-56810977,-20501,1
NM_009059,L23229,chr17:33929894-33937687(+),chr17:33929015-33929823,-475,1
NM_009066,L22306,chr17:34020792-34024680(-),chr17:34024155-34025169,-18,1
NM_009103,L15708,chr7:102441695-102469771(+),chr7:102374345-102375408,-66819,1
NM_009133,L18154,chr2:181306459-181314500(-),chr2:181306788-181307678,-7267,1
NM_009177,L16208,chr15:67102875-67176882(-),chr15:67098758-67099465,-77771,1
NM_009190,L21681,chr1:106770788-106796725(-),chr1:106799182-106800160,2946,1
NM_009194,L22824,chr18:57878678-57946821(+),chr18:57837056-57837751,-41275,1
NM_009203,L5204,chr19:6535856-6543070(-),chr19:6549302-6550282,6722,1
NM_009247,L19505,chr12:103946932-103956897(-),chr12:103968666-103970391,12631,1
NM_009275,L1265,chr9:103188033-103202065(-),chr9:103207584-103208320,5887,2
NM_009284,L18707,chr10:127642986-127660987(+),chr10:127635709-127636900,-6682,1
NM_009302,L15826,chr7:110221703-110283506(+),chr7:110268360-110269555,47254,1
NM_009303,L3954,chr15:80091334-80119501(+),chr15:80088760-80090012,-1948,1
NM_009316,L7644,chr4:31964107-32023466(+),chr4:32055035-32056148,91484,1
NM_009378,L17911,chr2:148404471-148408188(-),chr2:148409123-148409613,1180,1
NM_009400,L8298,chr4:156026322-156028894(+),chr4:156025895-156026974,112,1
NM_009402,L15160,chr7:18884690-18890438(+),chr7:18862757-18863513,-21555,1
NM_009417,L19266,chr12:30054661-30132624(-),chr12:30122316-30122841,-10046,1
NM_009423,L5966,chr11:78158423-78165550(-),chr11:78164195-78166359,-273,1
NM_009426,L13477,chr6:92242061-92244650(-),chr6:92259114-92260631,15222,1
NM_009429,L7512,chr14:75845256-75848303(+),chr14:75863347-75864366,15933,1
NM_009461,L17783,chr2:120860276-120970715(-),chr2:120972953-120973495,2509,1
NM_009464,L15689,chr7:100472991-100486432(+),chr7:100429314-100431496,-42586,1
NM_009476,L975,chr9:44452715-44454767(-),chr9:44454141-44455275,-59,1
NM_009510,L22059,chr17:6738131-6782780(-),chr17:6793963-6794731,11567,1
NM_009521,L11192,chr11:103774175-103818021(+),chr11:103838730-103839899,65139,1
NM_009601,L5852,chr11:69784036-69795937(-),chr11:69784548-69785458,-10934,1
NM_009627,L15827,chr7:110627657-110629820(+),chr7:110630002-110630988,2838,2
NM_009670,L18389,chr10:69533708-70027436(+),chr10:69944516-69945368,19410,1
NM_009672,L14672,chr9:62341343-62378805(+),chr9:62341074-62341705,46,1
NM_009739,L15935,chr7:127904073-127909664(+),chr7:127903259-127905143,128,1
NM_009741,L21679,chr1:106538176-106714290(-),chr1:106525966-106527160,-20068,1
NM_009847,L22419,chr17:42792951-42876424(-),chr17:42943314-42944625,67545,1
NM_009866,L14136,chr8:102632095-102785111(-),chr8:102626991-102627627,-157802,1
NM_009890,L5379,chr19:34473784-34475148(-),chr19:34423803-34424435,-51029,1
NM_009902,L3019,chr5:134986214-134987476(+),chr5:134965620-134967623,-19593,1
NM_009917,L15028,chr9:124121543-124127183(+),chr9:124145590-124147033,24768,1
NM_010073,L9134,chr2:32570858-32573571(+),chr2:32570537-32571488,154,1
NM_010101,L10199,chr13:51408618-51422797(+),chr13:51328154-51329430,-79826,1
NM_010109,L22538,chr17:62602957-62881317(-),chr17:62607293-62607899,-273721,1
NM_010176,L12013,chr7:84585159-84605942(-),chr7:84594338-84595188,-11179,1
NM_010193,L1106,chr9:62791830-62811648(-),chr9:62786401-62787421,-24737,1
NM_010197,L4257,chr18:38838673-38918699(-),chr18:38930187-38932355,12572,1
NM_010234,L19826,chr12:85473890-85477274(+),chr12:85451633-85452552,-21798,1
NM_010271,L4082,chr15:99717587-99725014(+),chr15:99714990-99715813,-2186,1
NM_010272,L3689,chr10:128880524-128891718(-),chr10:128895343-128896135,4021,1
NM_010296,L3658,chr10:127329882-127341579(-),chr10:127342056-127342716,807,1
NM_010306,L12949,chr3:108107275-108146152(-),chr3:108126320-108127009,-19488,1
NM_010307,L22869,chr18:67088298-67226791(+),chr18:67194288-67195548,-10441,1
NM_010313,L14745,chr9:75306288-75345923(+),chr9:75318162-75318771,4398,1
NM_010324,L5430,chr19:43499753-43524605(-),chr19:43550601-43551896,26643,1
NM_010325,L14134,chr8:95864133-95888401(-),chr8:95915991-95916648,27918,1
NM_010346,L11104,chr11:98446834-98455373(+),chr11:98446776-98447297,202,1
NM_010389,L23243,chr17:34238905-34245908(+),chr17:34234872-34235544,-3697,1
NM_010420,L7217,chr14:27000362-27002325(+),chr14:26992307-26994562,-6928,1
NM_010464,L4128,chr15:102921131-102928814(+),chr15:102838997-102840344,-81461,1
NM_010479,L22330,chr17:34969359-34972156(-),chr17:34972036-34972719,221,1
NM_010493,L14391,chr9:21015940-21028814(+),chr9:21016488-21017067,837,1
NM_010517,L11119,chr11:99041244-99052655(+),chr11:99039825-99040566,-1049,2
NM_010554,L17843,chr2:129299610-129309972(-),chr2:129309838-129310404,149,1
NM_010558,L10645,chr11:53720794-53725103(+),chr11:53735543-53736053,15004,1
NM_010586,L13743,chr6:146108299-146502223(-),chr6:146443363-146444206,-58439,1
NM_010591,L297,chr4:95049036-95052222(-),chr4:95068069-95069038,16331,1
NM_010596,L15491,chr7:45405960-45411382(+),chr7:45405147-45407370,298,1
NM_010599,L10786,chr11:69326258-69333041(+),chr11:69331578-69332518,5790,1
NM_010637,L176,chr4:55527137-55532475(-),chr4:55927274-55928243,395283,1
NM_010657,L7990,chr4:119814678-120135411(+),chr4:119750116-119750850,-64195,1
NM_010667,L4107,chr15:101473478-101479983(+),chr15:101472883-101473417,-328,1
NM_010686,L8073,chr4:130913316-130936148(+),chr4:130894941-130896605,-17543,1
NM_010724,L23241,chr17:34198195-34201454(+),chr17:34192762-34193219,-5205,1
NM_010731,L18507,chr10:81136271-81151657(+),chr10:81137294-81138532,1642,1
NM_010740,L17912,chr2:148436651-148443535(-),chr2:148454998-148456515,12221,1
NM_010765,L4909,chr5:121525051-121545892(-),chr5:121564388-121565037,18820,1
NM_010790,L7708,chr4:44300917-44364675(+),chr4:44300769-44301934,434,1
NM_010828,L18202,chr10:17723228-17725674(+),chr10:17599032-17601046,-123189,1
NM_010831,L22268,chr17:31844248-31855804(-),chr17:31841867-31843204,-13269,1
NM_010864,L14743,chr9:75071206-75223687(+),chr9:75077114-75077931,6316,1
NM_010881,L19205,chr12:4247362-4477182(-),chr12:4424644-4425382,-52169,1
NM_010897,L10937,chr11:79339892-79581609(+),chr11:79338739-79339717,-664,1
NM_010907,L19321,chr12:55489409-55492647(-),chr12:55495176-55495613,2747,1
NM_010933,L21619,chr1:86666293-86670573(-),chr1:86669392-86670670,-542,1
NM_010945,L13,chr4:6396208-6454271(-),chr4:6427355-6428176,-26506,1
NM_011025,L9624,chr2:130576169-130577053(+),chr2:130577722-130578408,1896,1
NM_011033,L22765,chr18:39773497-39776082(+),chr18:39737404-39738200,-35695,1
NM_011056,L10395,chr13:108654177-109955969(+),chr13:108489480-108491450,-163712,1
NM_011057,L16332,chr15:79995865-80014977(-),chr15:80024241-80025086,9686,1
NM_011113,L15242,chr7:24462483-24475968(+),chr7:24461425-24462199,-671,1
NM_011131,L11815,chr7:44532744-44548815(-),chr7:44536350-44537192,-1407,1
NM_011141,L8016,chr4:124657646-124660655(+),chr4:124656242-124658990,-30,1
NM_011193,L14628,chr9:56089976-56128890(+),chr9:56118404-56119130,28791,1
NM_011197,L12896,chr3:101040236-101110166(-),chr3:101141737-101142474,31939,1
NM_011215,L20023,chr12:116485720-117278167(+),chr12:116553076-116554184,67910,1
NM_011320,L4535,chr5:33430734-33434090(-),chr5:33438115-33438829,4382,1
NM_011329,L5994,chr11:82176666-82179812(-),chr11:82174671-82175284,-4835,2
NM_011333,L10954,chr11:82035577-82037452(+),chr11:82014939-82015589,-20313,1
NM_011372,L13098,chr3:153202509-153725133(-),chr3:153250368-153251216,-47857,1
NM_011374,L13732,chr6:142821541-142964452(-),chr6:142994828-142995310,30617,1
NM_011399,L16341,chr15:81318921-81360765(-),chr15:81353065-81353955,-7255,1
NM_011400,L7983,chr4:119108745-119137329(+),chr4:119102193-119102776,-6261,1
NM_011402,L2639,chr5:53049353-53071663(+),chr5:53042065-53042665,-6988,1
NM_011404,L14255,chr8:121881146-121907686(-),chr8:121907184-121908326,69,1
NM_011414,L18036,chr2:164354070-164356507(-),chr2:164363334-164364170,7245,1
NM_011435,L2634,chr5:52363804-52369738(+),chr5:52338970-52339603,-24518,1
NM_011447,L22194,chr17:25565893-25570686(-),chr17:25555668-25556920,-14392,1
NM_011521,L18038,chr2:164424247-164443188(-),chr2:164431774-164433731,-10436,1
NM_011539,L23663,chr6:38918986-39084579(+),chr6:38910986-38913409,-6789,1
NM_011543,L10635,chr11:52231995-52246858(+),chr11:52223810-52224977,-7602,1
NM_011587,L411,chr4:118471191-118489849(-),chr4:118505359-118506110,15885,1
NM_011594,L6383,chr11:118301061-118355411(-),chr11:118346414-118348125,4735,1
NM_011606,L15020,chr9:123150946-123157432(+),chr9:123168338-123170216,18331,1
NM_011629,L18589,chr10:94147931-94197214(+),chr10:94165382-94165909,17714,1
NM_011634,L14887,chr9:107950963-107972268(+),chr9:107950470-107951490,17,1
NM_011646,L23679,chr6:41302272-41305533(+),chr6:41173306-41174369,-128435,1
NM_011680,L11729,chr7:30945248-30956803(-),chr7:30955800-30956617,-595,1
NM_011681,L5244,chr19:9083642-9087956(-),chr19:9100832-9102092,13506,1
NM_011682,L3194,chr10:12382188-12861735(-),chr10:12810742-12811456,-50636,1
NM_011698,L11842,chr7:45367891-45370564(-),chr7:45370492-45370942,153,1
NM_011720,L20344,chr19:44493472-44514273(+),chr19:44473930-44474594,-19210,1
NM_011733,L13667,chr6:131364858-131388450(-),chr6:131410808-131412269,23088,1
NM_011741,L5013,chr5:137378637-137477064(-),chr5:137440104-137441140,-36442,1
NM_011756,L11669,chr7:28376784-28379228(-),chr7:28378505-28379715,-118,1
NM_011762,L15302,chr7:27838584-27856774(+),chr7:27837945-27839095,-64,1
NM_011803,L9990,chr13:5861489-5870393(+),chr13:5869470-5870784,8638,1
NM_011817,L10202,chr13:51846675-51848474(+),chr13:51916569-51917311,70265,2
NM_011846,L2996,chr5:129584169-129609154(+),chr5:129594135-129594783,10290,1
NM_011882,L6928,chr1:153749426-153764221(+),chr1:153749231-153749991,185,1
NM_011898,L4256,chr18:38586247-38601347(-),chr18:38542118-38543467,-58555,1
NM_011910,L8245,chr4:150997097-151001810(+),chr4:150972860-150974027,-23654,1
NM_011945,L24711,chr13:111746428-111808993(-),chr13:111771238-111772725,-37012,1
NM_011957,L17649,chr2:91982328-92024170(-),chr2:92023230-92024754,-178,1
NM_011993,L15989,chr7:139086001-139101791(+),chr7:139119218-139119880,33548,1
NM_012030,L11256,chr11:115163341-115181178(+),chr11:115164624-115165273,1607,1
NM_012058,L7085,chr1:182124737-182132415(+),chr1:182140021-182140958,15752,1
NM_013479,L14746,chr9:75347758-75351640(+),chr9:75366018-75366873,18687,1
NM_013500,L10333,chr13:89540636-89611832(+),chr13:89444685-89445345,-95621,1
NM_013519,L8881,chr8:121116171-121118894(+),chr8:121113257-121113814,-2636,1
NM_013520,L11834,chr7:45131189-45136432(-),chr7:45139935-45140955,4013,1
NM_013522,L13908,chr8:41397454-41417118(-),chr8:41406246-41407096,-10447,1
NM_013530,L13598,chr6:124834240-124840275(-),chr6:124846910-124847705,7032,1
NM_013557,L3113,chr5:143871862-143902717(+),chr5:143871587-143872552,207,1
NM_013560,L3033,chr5:135887919-135889563(+),chr5:135884681-135885143,-3007,1
NM_013599,L9854,chr2:164948219-164955850(+),chr2:164938455-164939477,-9253,1
NM_013602,L8726,chr8:94179089-94180327(+),chr8:94194516-94195228,15783,1
NM_013637,L18817,chr16:10796332-10796823(-),chr16:10802164-10802823,5670,1
NM_013642,L22217,chr17:26505591-26508472(-),chr17:26533664-26534371,25545,1
NM_013678,L9064,chr2:26916408-26920170(+),chr2:26915716-26917059,-21,1
NM_013765,L3681,chr10:128624529-128626506(-),chr10:128612406-128613468,-13569,1
NM_013811,L23189,chr17:30626936-30875264(+),chr17:30657777-30658707,31306,1
NM_013815,L19318,chr12:54892989-54986336(-),chr12:55026923-55027560,40905,1
NM_013820,L13386,chr6:82725027-82774454(-),chr6:82766477-82767138,-7647,1
NM_013871,L16405,chr15:89130584-89140703(-),chr15:89139741-89141358,-154,1
NM_013876,L356,chr4:109452857-109476505(-),chr4:109460324-109461114,-15786,1
NM_015732,L11227,chr11:108920349-108950781(+),chr11:108858490-108860237,-60986,1
NM_015754,L17903,chr2:144542265-144550859(-),chr2:144550297-144551018,-202,1
NM_015789,L11838,chr7:45207525-45211883(-),chr7:45211676-45212718,314,1
NM_015818,L6505,chr1:36068400-36106446(+),chr1:35930420-35931513,-137434,1
NM_016662,L24465,chr13:55325170-55329731(-),chr13:55329290-55330602,215,2
NM_016674,L18923,chr16:26356646-26371839(-),chr16:26251165-26252247,-120133,1
NM_016686,L11014,chr11:88068279-88084729(+),chr11:88070017-88071329,2394,1
NM_016688,L14693,chr9:65346068-65359643(+),chr9:65345701-65347691,628,1
NM_016689,L87,chr4:41092724-41098183(-),chr4:41085807-41087156,-11702,1
NM_016721,L11989,chr7:80711583-80803331(-),chr7:80773927-80774924,-28906,1
NM_016738,L8901,chr8:123102350-123105242(+),chr8:123101773-123103149,111,1
NM_016769,L1113,chr9:63646767-63757994(-),chr9:63761351-63761874,3618,1
NM_016780,L11198,chr11:104608000-104670471(+),chr11:104673468-104674240,65854,1
NM_016784,L16747,chr3:83055538-83072291(+),chr3:83080376-83081263,25281,1
NM_016789,L3120,chr5:144545887-144557478(+),chr5:144456788-144458215,-88386,1
NM_016795,L22242,chr17:28589588-28622521(-),chr17:28621258-28622859,-463,1
NM_016803,L3331,chr10:60181528-60219260(-),chr10:60244817-60246804,26550,1
NM_016896,L6258,chr11:103219764-103267401(-),chr11:103292046-103293170,25207,1
NM_016928,L7091,chr1:182954788-182976044(+),chr1:182951225-182951852,-3250,1
NM_016983,L21069,chr16:17980565-17981080(+),chr16:17986508-17987363,6370,1
NM_017373,L24445,chr13:52967209-52981039(-),chr13:53001382-53002531,20917,1
NM_017461,L12356,chr7:127214442-127218445(-),chr7:127214648-127215695,-3274,1
NM_017467,L5064,chr5:143249695-143270022(-),chr5:143264625-143265570,-4925,1
NM_017475,L8014,chr4:123917433-123936997(+),chr4:123949010-123950215,32179,1
NM_018757,L14926,chr9:109832794-109842961(+),chr9:109832196-109833550,79,1
NM_018811,L15593,chr7:79273266-79361601(+),chr7:79313164-79314134,40383,1
NM_018814,L19797,chr12:81860030-82000924(+),chr12:81933293-81933934,73583,1
NM_018822,L6393,chr11:119343489-119355510(-),chr11:119354798-119355955,-134,1
NM_018830,L5368,chr19:31984651-32103140(-),chr19:32087911-32089140,-14615,1
NM_018859,L24229,chr13:4592490-4609164(-),chr13:4712670-4713169,103755,1
NM_018872,L21432,chr1:36792189-36939527(-),chr1:36914676-36916001,-24189,1
NM_019447,L2588,chr5:35041509-35048461(+),chr5:35042859-35043662,1751,1
NM_019482,L786,chr9:15005785-15045478(-),chr9:15071760-15072385,26594,1
NM_019487,L3210,chr10:18540123-18546076(-),chr10:18526619-18528581,-18476,1
NM_019511,L10474,chr11:6658533-6677475(+),chr11:6654857-6655338,-3436,1
NM_019564,L15954,chr7:130936203-130985658(+),chr7:130946252-130946702,10274,1
NM_019566,L12101,chr7:102239123-102250118(-),chr7:102253597-102254232,3796,1
NM_019579,L19781,chr12:78748947-78840713(+),chr12:78768040-78769767,19956,1
NM_019649,L11538,chr7:19631580-19665030(-),chr7:19664231-19665915,43,1
NM_019670,L2383,chr14:86655357-87141224(-),chr14:87050906-87051823,-89860,1
NM_019681,L9114,chr2:31245923-31295471(+),chr2:31206050-31207207,-39295,1
NM_019685,L23920,chr6:88465409-88497566(+),chr6:88480310-88481598,15545,1
NM_019707,L8863,chr8:118283611-119324927(+),chr8:118249193-118250118,-33956,1
NM_019712,L3968,chr15:81466316-81476369(+),chr15:81480864-81481757,14994,1
NM_019738,L12334,chr7:126623246-126625470(-),chr7:126624801-126625846,-147,1
NM_019739,L16665,chr3:52268337-52350109(+),chr3:52242185-52243915,-25287,2
NM_019745,L12689,chr3:75516490-75556852(-),chr3:75499138-75500263,-57152,1
NM_019781,L692,chr4:148960535-149099843(-),chr4:149098742-149100211,-367,1
NM_019793,L1057,chr9:56135884-56161070(-),chr9:56167638-56168539,7018,2
NM_019805,L2949,chr5:122422444-122444911(+),chr5:122421526-122423498,68,1
NM_019810,L2569,chr5:33104219-33162699(+),chr5:33095310-33096693,-8218,1
NM_019819,L6014,chr11:84048045-84068357(-),chr11:84066277-84069324,-557,1
NM_019824,L2948,chr5:122391878-122406181(+),chr5:122391471-122392730,222,1
NM_019924,L5205,chr19:6829084-6840627(-),chr19:6820460-6822084,-8672,1
NM_019928,L15440,chr7:43881160-43885804(+),chr7:43894632-43895131,13721,1
NM_019993,L6987,chr1:167349991-167368530(+),chr1:167369795-167370369,20091,1
NM_020003,L16780,chr3:88325023-88328631(+),chr3:88324720-88325858,266,1
NM_020279,L10425,chr13:119623819-119654358(+),chr13:119631819-119632259,8220,1
NM_020520,L14911,chr9:108662136-108684642(+),chr9:108661190-108663545,231,1
NM_020560,L8420,chr8:22411340-22429665(+),chr8:22404293-22406203,-6092,1
NM_020577,L20371,chr19:46707458-46741095(+),chr19:46699052-46699713,-8076,1
NM_020600,L22838,chr18:60774596-60778546(+),chr18:60766929-60767611,-7326,1
NM_020618,L6144,chr11:99209048-99231017(-),chr11:99229532-99231408,-547,1
NM_020622,L19191,chr16:97470965-97504936(-),chr16:97499279-97500018,-5288,1
NM_020623,L12268,chr7:113385576-113388573(-),chr7:113436061-113436984,47949,1
NM_021275,L9466,chr2:107290589-107298504(+),chr2:107232780-107233504,-57447,1
NM_021310,L24636,chr13:93430097-93499808(-),chr13:93553113-93553985,53741,1
NM_021349,L10721,chr11:61126755-61149609(+),chr11:61104184-61104923,-22202,1
NM_021371,L3010,chr5:130369458-130840645(+),chr5:130712030-130712941,263693,1
NM_021403,L3032,chr5:135818106-135874772(+),chr5:135834991-135836337,17558,1
NM_021409,L9876,chr2:168081004-168101203(+),chr2:168065322-168066885,-14901,1
NM_021419,L23187,chr17:29614789-29705979(+),chr17:29660096-29661514,210,1
NM_021424,L14544,chr9:43743954-43807461(+),chr9:43737455-43738306,-6074,2
NM_021449,L13504,chr6:106778245-106800087(-),chr6:106804956-106805519,5150,1
NM_021485,L5141,chr19:4156792-4163383(-),chr19:4163093-4163820,73,1
NM_021518,L7600,chr4:8535644-8607702(+),chr4:8498885-8499918,-36243,1
NM_021525,L20255,chr19:29101375-29143843(+),chr19:29149594-29150836,14936,1
NM_021529,L19320,chr12:55280856-55303000(-),chr12:55315077-55315739,12408,1
NM_021542,L1998,chr14:20140058-20181782(-),chr14:20154718-20155567,-26640,1
NM_021876,L12041,chr7:89954654-89980976(-),chr7:89997929-89999063,17520,1
NM_021892,L13286,chr6:50650672-50654445(-),chr6:50684783-50685714,30803,1
NM_021901,L20353,chr19:45150715-45156943(+),chr19:45176110-45177702,26191,1
NM_022017,L4848,chr5:114622154-114658421(-),chr5:114639272-114640281,-18645,1
NM_022020,L698,chr4:149449702-149454968(-),chr4:149453603-149455247,-543,2
NM_022032,L18207,chr10:18845071-18857072(+),chr10:18883977-18884803,39319,1
NM_022313,L5965,chr11:78073376-78080383(-),chr11:78079776-78081017,13,1
NM_022409,L15184,chr7:19577287-19580656(+),chr7:19589365-19590413,12602,1
NM_022983,L17106,chr3:146220961-146286214(+),chr3:146204814-146205693,-15708,1
NM_022992,L23960,chr6:97210792-97233315(+),chr6:97222554-97223621,12295,1
NM_023060,L13449,chr6:88257334-88446539(-),chr6:88445296-88446897,-443,1
NM_023142,L3124,chr5:145114256-145128186(+),chr5:145102390-145103078,-11522,1
NM_023178,L397,chr4:117674686-117682225(-),chr4:117681164-117682696,-295,1
NM_023260,L23108,chr17:24895120-24896289(+),chr17:24894550-24896888,599,1
NM_023485,L8056,chr4:129287621-129308559(+),chr4:129276376-129277107,-10880,1
NM_023537,L7911,chr4:108879070-108943324(+),chr4:108870103-108871277,-8380,1
NM_023587,L21166,chr16:35022421-35109175(+),chr16:35047100-35048261,25259,1
NM_023596,L3333,chr10:60712072-60752782(-),chr10:60760335-60761067,7919,1
NM_023598,L3373,chr10:68095593-68278726(-),chr10:68275374-68275999,-3040,1
NM_023603,L8041,chr4:127021301-127037014(+),chr4:127021992-127022757,1073,1
NM_023617,L6580,chr1:58113136-58200452(+),chr1:58111146-58112070,-1528,2
NM_023631,L6581,chr1:58210397-58268596(+),chr1:58196995-58197965,-12917,1
NM_023655,L14543,chr9:43310763-43336125(+),chr9:43300400-43301020,-10053,1
NM_023738,L14888,chr9:107975567-107984056(+),chr9:107963620-107964138,-11688,1
NM_023755,L6810,chr1:118627945-118685168(+),chr1:118759466-118760019,131797,1
NM_023799,L5458,chr19:45750255-45783553(-),chr19:45790406-45791074,7187,1
NM_024171,L7733,chr4:47474661-47483233(+),chr4:47661320-47662700,187349,1
NM_024222,L1374,chr9:115242470-115310468(-),chr9:115236158-115236996,-45493,1
NM_024227,L23140,chr17:26123503-26126613(+),chr17:26119741-26120602,-3332,1
NM_024452,L8127,chr4:136469761-136549318(+),chr4:136461980-136463069,-7237,1
NM_025276,L6359,chr11:116220559-116238091(-),chr11:116247603-116248339,9880,1
NM_025297,L8075,chr4:131843471-131867787(+),chr4:131843026-131844305,194,1
NM_025417,L1066,chr9:57155041-57158299(-),chr9:57157499-57158682,-209,1
NM_025436,L13956,chr8:64718123-64733578(-),chr8:64788078-64789165,55043,1
NM_025451,L8142,chr4:138455148-138460126(+),chr4:138447218-138448035,-7522,1
NM_025495,L24431,chr13:49464059-49652731(-),chr13:49644155-49645540,-7884,1
NM_025508,L10168,chr13:45507444-45546386(+),chr13:45569840-45570697,62824,2
NM_025576,L17638,chr2:90910713-90918050(-),chr2:90916526-90918502,-536,1
NM_025617,L337,chr4:107134162-107178366(-),chr4:107163931-107164789,-14006,1
NM_025622,L16310,chr15:78850860-78855529(-),chr15:78851861-78852194,-3502,1
NM_025648,L8676,chr8:84856986-84869257(+),chr8:84856546-84857779,176,1
NM_025662,L17122,chr3:152714100-152789013(+),chr3:152813685-152814474,99979,1
NM_025673,L3769,chr15:12321496-12351267(+),chr15:12370919-12371622,49774,1
NM_025687,L1016,chr9:50557148-50561268(-),chr9:50569750-50570836,9025,1
NM_025696,L20383,chr19:48206025-48805505(+),chr19:49107317-49109133,902200,1
NM_025735,L9766,chr2:155276364-155278073(+),chr2:155285480-155286131,9441,1
NM_025789,L22965,chr17:7945614-7979556(+),chr17:7939487-7940073,-5834,1
NM_025817,L13303,chr6:53815468-53820825(-),chr6:53700751-53701507,-119696,1
NM_025846,L12270,chr7:114046782-114117781(-),chr7:114053323-114054163,-64038,1
NM_025848,L1017,chr9:50596340-50603849(-),chr9:50592953-50593798,-10474,1
NM_025873,L8003,chr4:123016593-123054949(+),chr4:123043565-123045585,27982,1
NM_025915,L5837,chr11:69396516-69398234(-),chr11:69401123-69402242,3448,1
NM_025919,L585,chr4:136049354-136053393(-),chr4:136068601-136070709,16262,1
NM_025980,L9025,chr2:25180758-25183332(+),chr2:25172553-25173547,-7708,1
NM_025994,L645,chr4:141858142-141874920(-),chr4:141881475-141883152,7393,1
NM_025998,L517,chr4:130530131-130574036(-),chr4:130549563-130550413,-24048,1
NM_026000,L2957,chr5:123228190-123250125(+),chr5:123228070-123228774,232,1
NM_026062,L4785,chr5:107908042-107987077(-),chr5:108004926-108006828,18800,1
NM_026073,L3042,chr5:136908150-136913244(+),chr5:136907453-136909025,89,1
NM_026162,L8987,chr2:16356304-16755839(+),chr2:16209647-16210853,-146054,1
NM_026177,L2358,chr14:76086232-76110815(-),chr14:76076927-76077623,-33540,1
NM_026178,L11028,chr11:90249476-90278573(+),chr11:90232584-90233434,-16467,1
NM_026209,L1997,chr14:20075636-20083172(-),chr14:20032211-20032907,-50613,1
NM_026234,L7024,chr1:172376531-172384099(+),chr1:172390655-172392002,14797,1
NM_026257,L8097,chr4:134102583-134126780(+),chr4:134102349-134103213,198,1
NM_026300,L8128,chr4:136610437-136613213(+),chr4:136610133-136610901,80,1
NM_026327,L19753,chr12:72536357-72580213(+),chr12:72538473-72538987,2373,1
NM_026358,L12620,chr3:51388413-51396547(-),chr3:51391659-51392236,-4600,1
NM_026368,L292,chr4:94500079-94556796(-),chr4:94366894-94367688,-189505,1
NM_026401,L7415,chr14:57826239-57828745(+),chr14:57850143-57851570,24617,1
NM_026433,L11027,chr11:90030348-90036505(+),chr11:90071791-90072386,41740,1
NM_026438,L18363,chr10:61648621-61674165(+),chr10:61661762-61662876,13698,1
NM_026504,L2892,chr5:115279702-115296972(+),chr5:115279356-115280496,224,1
NM_026509,L7739,chr4:48663514-48673492(+),chr4:48680102-48681206,17140,1
NM_026550,L10150,chr13:41001010-41013033(+),chr13:40985996-40986589,-14718,1
NM_026615,L9090,chr2:29827389-29844996(+),chr2:29817561-29818241,-9488,1
NM_026617,L18673,chr10:120208826-120224897(+),chr10:120208623-120210000,485,1
NM_026618,L6220,chr11:101277970-101278948(-),chr11:101277767-101279480,-325,1
NM_026619,L20381,chr19:47865545-47886305(+),chr19:47882336-47883111,16929,1
NM_026686,L23135,chr17:25875500-25877163(+),chr17:25874462-25876176,-181,1
NM_026689,L8141,chr4:138434672-138442265(+),chr4:138426816-138428013,-7258,1
NM_026697,L17332,chr2:35180205-35201120(-),chr2:35193752-35194876,-6806,1
NM_026713,L6675,chr1:78511060-78538173(+),chr1:78532399-78532903,21591,1
NM_026753,L14148,chr8:104639839-104641728(-),chr8:104654681-104655664,13444,1
NM_026775,L19431,chr12:85340614-85374717(-),chr12:85362123-85363007,-12152,1
NM_026780,L8108,chr4:134930980-134937537(+),chr4:134930260-134931844,72,1
NM_026795,L15559,chr7:65693417-65701913(+),chr7:65669618-65670276,-23470,1
NM_026816,L2357,chr14:75896937-76010865(-),chr14:76031299-76031881,20725,1
NM_026878,L2686,chr5:74195326-74199477(+),chr5:74277179-74278193,82360,1
NM_026879,L19090,chr16:65539129-65562762(-),chr16:65559602-65560207,-2858,1
NM_026922,L8871,chr8:119700009-119757718(+),chr8:119699118-119700521,-190,1
NM_026942,L14653,chr9:58253164-58262524(+),chr9:58279934-58280958,27282,1
NM_026943,L15171,chr7:19149838-19152726(+),chr7:19155908-19156552,6392,1
NM_026979,L10560,chr11:43474306-43491525(+),chr11:43495274-43496413,21537,1
NM_027040,L17263,chr2:28462001-28466324(-),chr2:28465855-28466749,-22,1
NM_027134,L14696,chr9:65435782-65453054(+),chr9:65435480-65436666,291,1
NM_027157,L6160,chr11:99579977-99581016(-),chr11:99574030-99574413,-6795,1
NM_027188,L21973,chr1:178951960-179518041(-),chr1:179458647-179459542,-58947,1
NM_027203,L11356,chr7:3660107-3677553(-),chr7:3674846-3675332,-2464,1
NM_027227,L1449,chrX:8004201-8018492(-),chrX:8000265-8000914,-17903,1
NM_027457,L22050,chr17:5410864-5440260(-),chr17:5220695-5221884,-197478,1
NM_027470,L11674,chr7:28558819-28598184(-),chr7:28596606-28597626,-1068,1
NM_027498,L14573,chr9:46012820-46224194(+),chr9:46110383-46112878,98810,1
NM_027531,L4267,chr18:42645207-43059471(-),chr18:42876725-42877857,-22217,1
NM_027548,L6799,chr1:107422689-107452689(+),chr1:107419062-107420348,-2984,1
NM_027559,L5478,chr19:47736857-47837361(-),chr19:47837216-47837854,174,1
NM_027572,L18280,chr10:40570362-40604132(+),chr10:40521265-40522316,-48572,1
NM_027652,L2534,chr5:30232581-30272430(+),chr5:30245947-30246526,13655,1
NM_027711,L24648,chr13:95627177-95891922(-),chr13:95849271-95849999,-42287,1
NM_027745,L6426,chr11:120826542-120932872(-),chr11:120932390-120933371,8,1
NM_027799,L11038,chr11:94328001-94341847(+),chr11:94337541-94338477,10008,1
NM_027874,L6427,chr11:120961741-120991333(-),chr11:120996555-120997284,5586,2
NM_027919,L6378,chr11:117867949-117873526(-),chr11:117912686-117913457,39545,1
NM_027926,L23631,chr6:30568369-30592417(+),chr6:30568110-30568578,-25,2
NM_027945,L3566,chr10:99757705-99759658(-),chr10:99863368-99864910,104481,1
NM_028013,L778,chr9:14353990-14381242(-),chr9:14401720-14402617,20926,1
NM_028017,L22856,chr18:62977916-62999451(+),chr18:62970902-62971779,-6576,1
NM_028019,L10944,chr11:80183869-80199755(+),chr11:80183286-80185339,443,1
NM_028024,L11138,chr11:100622955-100627602(+),chr11:100622752-100623413,127,1
NM_028031,L15525,chr7:48789003-48827437(+),chr7:48762178-48763009,-26410,1
NM_028044,L17016,chr3:121426541-121458205(+),chr3:121395493-121396229,-30680,1
NM_028115,L20411,chr19:57452906-57491005(+),chr19:57438557-57439740,-13758,1
NM_028208,L20233,chr19:23687400-23721129(+),chr19:23697844-23699299,11171,1
NM_028226,L7616,chr4:12140117-12146746(+),chr4:12139839-12140756,180,1
NM_028516,L21996,chr1:184033032-184033998(-),chr1:183920997-183921967,-112516,1
NM_028608,L3588,chr10:111985448-111997264(-),chr10:111995780-111997303,-723,1
NM_028638,L14968,chr9:115909455-116076176(+),chr9:115850438-115851868,-58302,1
NM_028718,L6746,chr1:91494668-91529307(+),chr1:91494210-91495197,35,1
NM_028766,L23946,chr6:91473707-91488463(+),chr6:91490946-91491665,17598,1
NM_028842,L1927,chrX:163760139-163761332(-),chrX:163663468-163664350,-97423,1
NM_028846,L9112,chr2:30982279-31022655(+),chr2:30985241-30985664,3173,1
NM_028863,L19819,chr12:84773270-84775089(+),chr12:84784286-84785363,11554,1
NM_029037,L13866,chr8:25980604-25994121(-),chr8:25989917-25990634,-3846,1
NM_029116,L8363,chr8:15011025-15033332(+),chr8:14985530-14986456,-25032,1
NM_029163,L17820,chr2:126761050-126783460(-),chr2:126769543-126770151,-13613,1
NM_029256,L12043,chr7:90223878-90265432(-),chr7:90276909-90278274,12159,1
NM_029287,L11168,chr11:101987056-101992264(+),chr11:101997920-101998619,11213,1
NM_029298,L22631,chr17:87389571-87427741(-),chr17:87405419-87406360,-21852,1
NM_029360,L10819,chr11:70505274-70511183(+),chr11:70499637-70500849,-5031,1
NM_029393,L6146,chr11:99279959-99285262(-),chr11:99276391-99277342,-8396,1
NM_029415,L4761,chr5:103605711-103629403(-),chr5:103628824-103630309,163,1
NM_029440,L3161,chr5:149528679-149611894(+),chr5:149507947-149508938,-20237,1
NM_029522,L12960,chr3:108678638-108722299(-),chr3:108730207-108730957,8283,1
NM_029532,L2974,chr5:124483155-124491122(+),chr5:124482489-124483959,69,1
NM_029554,L2649,chr5:63812495-63899619(+),chr5:63811897-63812857,-118,1
NM_029608,L9893,chr2:172472554-172474316(+),chr2:172477506-172478262,5330,1
NM_029624,L23126,chr17:25579174-25662826(+),chr17:25641981-25642509,63071,1
NM_029628,L10137,chr13:35967906-35970388(+),chr13:35993884-35994802,26437,1
NM_029635,L9441,chr2:101886262-101901639(+),chr2:101905708-101906460,19822,1
NM_029649,L6235,chr11:102152547-102156407(-),chr11:102155768-102156932,-57,1
NM_029687,L9193,chr2:38998309-39001584(+),chr2:38969974-38970575,-28035,1
NM_029723,L9227,chr2:59484653-59505020(+),chr2:59522004-59522690,37694,1
NM_029869,L3063,chr5:138085084-138107822(+),chr5:138084974-138086118,462,1
NM_029926,L4046,chr15:94543660-94568316(+),chr15:94557415-94558091,14093,1
NM_029933,L12876,chr3:97203662-97227364(-),chr3:97227294-97228501,533,1
NM_029992,L2883,chr5:114707779-114722327(+),chr5:114707646-114708323,205,1
NM_030137,L9107,chr2:30595044-30608945(+),chr2:30587008-30587891,-7595,1
NM_030141,L23457,chr17:56875484-56888907(+),chr17:56897424-56898623,22539,1
NM_030180,L2007,chr14:20548912-20618354(-),chr14:20630955-20631796,13021,1
NM_030205,L18790,chr16:4626884-4679720(-),chr16:4666989-4667796,-12328,1
NM_030225,L19823,chr12:85110833-85134091(+),chr12:85127086-85127615,16517,1
NM_030701,L4935,chr5:123863570-123865516(-),chr5:123862536-123863497,-2500,1
NM_030889,L4555,chr5:36017181-36398139(-),chr5:36421865-36423408,24497,1
NM_031842,L4081,chr15:99702287-99713995(+),chr15:99701798-99702859,41,1
NM_031880,L5859,chr11:69850563-69858730(-),chr11:69864236-69865736,6256,1
NM_032002,L1053,chr9:55220222-55283625(-),chr9:55296138-55296890,12889,1
NM_032394,L4205,chr18:31959234-32036931(-),chr18:31998972-31999609,-37641,1
NM_032396,L5538,chr11:5191553-5261610(-),chr11:5252380-5254679,-8081,1
NM_032544,L8598,chr8:71488728-71499624(+),chr8:71494888-71496133,6782,1
NM_033039,L5073,chr5:144019807-144050609(-),chr5:144070201-144071806,20394,1
NM_033218,L3980,chr15:82147269-82204960(+),chr15:82160635-82161546,13821,1
NM_033269,L24235,chr13:9876613-10360803(-),chr13:10574608-10575599,214300,1
NM_033477,L23277,chr17:35126402-35128855(+),chr17:35125977-35127032,102,1
NM_033521,L3794,chr15:34238026-34284295(+),chr15:34215360-34216134,-22279,1
NM_033563,L21525,chr1:64035671-64121389(-),chr1:64305134-64305998,184177,1
NM_053009,L5302,chr19:12763528-12796123(-),chr19:12794578-12795351,-1159,1
NM_053079,L2424,chr14:121459621-121505254(-),chr14:121450828-121451757,-53962,2
NM_053091,L9729,chr2:152754173-152765037(+),chr2:152766621-152768183,13229,1
NM_053095,L21726,chr1:130882074-130887411(-),chr1:130892208-130893210,5298,1
NM_053100,L20366,chr19:46501648-46516455(+),chr19:46478496-46480051,-22375,1
NM_053113,L2173,chr14:51255262-51256112(-),chr14:51265926-51266533,10117,1
NM_053124,L14039,chr8:80699943-80739459(-),chr8:80752930-80753813,13912,1
NM_053178,L1048,chr9:54604997-54661885(-),chr9:54649057-54649661,-12526,1
NM_053188,L22576,chr17:74014891-74047860(-),chr17:74020068-74021001,-27326,1
NM_053191,L6466,chr1:17601901-17630939(+),chr1:17487837-17490552,-112707,1
NM_054088,L3994,chr15:84167816-84189521(+),chr15:84177174-84177564,9099,1
NM_080288,L10016,chr13:20090507-20608356(+),chr13:20432931-20433764,-39643,1
NM_080419,L7022,chr1:172312367-172319843(+),chr1:172307831-172308299,-4302,1
NM_080443,L11935,chr7:66644567-66689561(-),chr7:66661411-66661955,-27878,1
NM_080553,L23154,chr17:27057304-27122223(+),chr17:27083342-27084254,-7447,1
NM_080558,L9297,chr2:79635425-79672964(+),chr2:79656568-79657705,21711,1
NM_126165,L8814,chr8:107031269-107045760(+),chr8:107002225-107003128,-28593,1
NM_130796,L24719,chr13:113592179-113618564(-),chr13:113579742-113580599,-38394,1
NM_130858,L6090,chr11:95509846-95514565(-),chr11:95514260-95515127,128,2
NM_130903,L13772,chr8:3940222-3946863(-),chr8:4013130-4013990,66697,1
NM_133229,L21335,chr16:94328422-94336935(+),chr16:94341085-94341827,13034,1
NM_133354,L6342,chr11:115523109-115536230(-),chr11:115535199-115536927,-167,1
NM_133364,L19491,chr12:103196908-103242146(-),chr12:103261148-103262758,19807,1
NM_133485,L18165,chr10:3366150-3464975(+),chr10:3332818-3333604,-32939,1
NM_133658,L22716,chr18:32240327-32270151(+),chr18:32280391-32281636,40686,1
NM_133666,L5135,chr19:4007499-4012755(-),chr19:4018004-4019780,6137,1
NM_133685,L22547,chr17:65651726-65772752(-),chr17:65740087-65740933,-32242,1
NM_133719,L22199,chr17:25794571-25797045(-),chr17:25796563-25797458,-35,1
NM_133730,L6147,chr11:99315516-99322951(-),chr11:99322795-99324082,487,1
NM_133749,L9496,chr2:112455025-112467436(+),chr2:112443180-112443874,-11498,1
NM_133883,L475,chr4:126316351-126321703(-),chr4:126309615-126310358,-11717,1
NM_133895,L4954,chr5:127595666-127617392(-),chr5:127610704-127611512,-6284,1
NM_133904,L2878,chr5:114165518-114250758(+),chr5:114151468-114153971,-12799,1
NM_133967,L14242,chr8:120081095-120101472(-),chr8:120100535-120102059,-175,1
NM_133974,L1415,chr9:123172285-123216038(-),chr9:123212715-123214441,-2460,2
NM_133981,L14597,chr9:50775225-50843639(+),chr9:50774875-50776724,574,1
NM_134040,L19227,chr12:13219307-13249174(-),chr12:13214838-13215523,-33994,1
NM_134054,L19314,chr12:54645374-54656572(-),chr12:54545810-54546689,-99763,1
NM_134082,L7577,chr14:121035574-121283726(+),chr14:121279005-121279630,30611,1
NM_134084,L7202,chr14:25694170-25700466(+),chr14:25681912-25682770,-11829,1
NM_134150,L5220,chr19:7198206-7206284(-),chr19:7159266-7160250,-46526,1
NM_134247,L19807,chr12:84038379-84044723(+),chr12:84030636-84031540,-7291,1
NM_134438,L21759,chr1:135160250-135167681(-),chr1:135180812-135181452,13451,1
NM_138595,L5364,chr19:30098441-30175441(-),chr19:30179715-30180807,4820,1
NM_138603,L1441,chrX:7593809-7605420(-),chrX:7604811-7606024,-3,1
NM_138652,L7404,chr14:56365068-56388551(+),chr14:56324937-56325659,-39770,1
NM_138657,L11087,chr11:97362292-97398542(+),chr11:97371702-97372851,9984,1
NM_138672,L2045,chr14:31139017-31168641(-),chr14:31166113-31167005,-2082,1
NM_138675,L10708,chr11:59948214-59963306(+),chr11:59947682-59948942,98,1
NM_138682,L13175,chr6:28828126-28831747(-),chr6:28864485-28865645,33318,1
NM_138750,L17829,chr2:127526953-127541417(-),chr2:127559067-127560009,18121,1
NM_139001,L14630,chr9:56865104-56899870(+),chr9:56873029-56873466,8143,2
NM_139143,L4195,chr18:24579881-24603817(-),chr18:24579705-24580688,-23621,1
NM_139226,L18491,chr10:80494906-80517260(+),chr10:80509344-80510202,14867,1
NM_139227,L7167,chr14:14012491-14107301(+),chr14:14042217-14042867,30051,1
NM_139272,L8919,chr8:124231394-124345723(+),chr8:124258797-124259696,27852,2
NM_139294,L13225,chr6:39603237-39725463(-),chr6:39714269-39714979,-10839,1
NM_139307,L20992,chr16:4639945-4651166(+),chr16:4639706-4640918,367,1
NM_144526,L10835,chr11:72042502-72047370(+),chr11:72052162-72053245,10201,1
NM_144537,L23632,chr6:30611010-30631745(+),chr6:30617983-30618809,7386,1
NM_144551,L19231,chr12:15791727-15816785(-),chr12:16041972-16042987,225694,1
NM_144788,L19306,chr12:51743722-51829536(-),chr12:51761945-51762780,-67174,1
NM_144802,L22596,chr17:80029487-80062268(-),chr17:80026398-80027283,-35428,1
NM_144810,L6851,chr1:132298626-132307357(+),chr1:132295429-132296330,-2747,1
NM_144811,L16331,chr15:79915807-79932646(-),chr15:79945978-79946848,13767,1
NM_144812,L3962,chr15:80711313-80941086(+),chr15:80784157-80785867,-13598,3
NM_144821,L3281,chr10:40001573-40025268(-),chr10:40024203-40025826,-254,1
NM_144826,L5987,chr11:79933956-79962387(-),chr11:79866421-79866926,-95714,1
NM_144880,L22024,chr1:191351981-191397041(-),chr1:191391264-191392164,-5327,1
NM_144884,L17290,chr2:30960561-30967918(-),chr2:30966922-30968296,-309,1
NM_144904,L195,chr4:59471868-59549364(-),chr4:59496503-59497906,-52160,1
NM_144918,L23891,chr6:85431976-85446429(+),chr6:85431546-85432723,158,1
NM_144925,L15889,chr7:123123885-123195296(+),chr7:123059840-123060511,-63710,1
NM_144944,L17876,chr2:132370329-132385447(-),chr2:132339783-132341183,-44964,1
NM_145139,L3942,chr15:79075223-79094400(+),chr15:79074753-79075817,62,1
NM_145153,L2931,chr5:120847367-120857986(+),chr5:120836873-120837536,-10163,1
NM_145219,L7486,chr14:70530821-70538324(+),chr14:70530245-70532110,356,1
NM_145220,L3504,chr10:83600034-83648664(-),chr10:83618551-83619594,-29592,1
NM_145221,L2034,chr14:26918988-26970551(-),chr14:26981543-26982703,11572,1
NM_145222,L6706,chr1:86303221-86307305(+),chr1:86268797-86269610,-34018,1
NM_145354,L10285,chr13:69612016-69635779(+),chr13:69644430-69645277,32837,1
NM_145373,L6430,chr11:121067403-121081139(-),chr11:121090255-121091355,9666,1
NM_145392,L21412,chr1:33745484-33757750(-),chr1:33739118-33739786,-18298,1
NM_145423,L18570,chr10:88885992-88929515(+),chr10:88960531-88961207,74877,1
NM_145432,L10981,chr11:83753637-83783754(+),chr11:83789059-83789767,35776,1
NM_145439,L6376,chr11:117765985-117780692(-),chr11:117735960-117736702,-43317,1
NM_145456,L24703,chr13:107724617-107890064(-),chr13:107961705-107962594,72085,1
NM_145478,L4022,chr15:88862194-88865726(+),chr15:88875949-88876957,14259,1
NM_145496,L5258,chr19:10592197-10604258(-),chr19:10602363-10603970,-1092,1
NM_145570,L23863,chr6:82041628-82093099(+),chr6:82124901-82125872,83758,1
NM_145588,L12350,chr7:127027731-127042420(-),chr7:127041664-127042948,-114,1
NM_145606,L14272,chr8:123204261-123212788(-),chr8:123211757-123213337,-241,1
NM_145614,L1019,chr9:50634633-50659780(-),chr9:50670480-50671168,11044,1
NM_145615,L1054,chr9:55454436-55512243(-),chr9:55465658-55468627,-45101,1
NM_145625,L4111,chr15:102073773-102097173(+),chr15:102065371-102066323,-7926,1
NM_145851,L18137,chr2:180258539-180273465(-),chr2:180275871-180276301,2621,1
NM_145925,L18431,chr10:77581655-77598732(+),chr10:77590656-77591275,9310,1
NM_145934,L22499,chr17:55997076-56008136(-),chr17:56005295-56005917,0,1
NM_145955,L12386,chr7:128696459-128740429(-),chr7:128739119-128740654,-543,1
NM_145972,L21207,chr16:44724301-44737284(+),chr16:44678635-44679334,-45317,1
NM_146026,L11080,chr11:96929281-96935647(+),chr11:96928768-96929743,-26,1
NM_146028,L6128,chr11:98036624-98053462(-),chr11:98080245-98080878,27099,1
NM_146115,L17203,chr2:25192720-25196813(-),chr2:25193379-25193882,-3183,1
NM_146126,L9564,chr2:122234839-122265337(+),chr2:122229976-122230873,-4415,1
NM_146149,L7888,chr4:106733915-106748292(+),chr4:106749508-106750281,15979,1
NM_146213,L8774,chr8:105131800-105150109(+),chr8:105120742-105121556,-10651,1
NM_146239,L18578,chr10:93160876-93241342(+),chr10:93144772-93145788,-15596,1
NM_152810,L22429,chr17:45391888-45433707(-),chr17:45359331-45360283,-73900,1
NM_152817,L23500,chr17:74717750-74863570(+),chr17:74630595-74631214,-86846,1
NM_153407,L16498,chr15:100479570-100495239(-),chr15:100494456-100495718,-152,1
NM_153542,L18361,chr10:61475833-61582228(+),chr10:61468752-61469343,-6786,1
NM_153546,L10107,chr13:30136490-30246694(+),chr13:30084638-30085759,-51292,1
NM_153553,L5161,chr19:4984354-4989971(-),chr19:5001773-5002567,12199,1
NM_153596,L10503,chr11:22512283-22519231(+),chr11:22460298-22461378,-51445,1
NM_153749,L15156,chr7:18245347-18266092(+),chr7:18236656-18237217,-8411,1
NM_153776,L20015,chr12:113185903-113189522(+),chr12:113187340-113188327,1930,1
NM_153778,L13363,chr6:72206177-72235577(-),chr6:72216604-72216953,-18799,1
NM_153788,L5862,chr11:69881567-69895539(-),chr11:69883284-69884299,1697,1
NM_153794,L4355,chr18:68260185-68300333(-),chr18:68290246-68291086,-9667,1
NM_153798,L2706,chr5:77310484-77349328(+),chr5:77354438-77354931,44200,1
NM_153799,L14645,chr9:57708569-57750162(+),chr9:57708148-57709440,225,1
NM_153804,L19774,chr12:76533560-76579039(+),chr12:76532159-76535202,120,1
NM_153807,L6077,chr11:94557102-94601786(-),chr11:94614498-94616148,13537,1
NM_170597,L21449,chr1:39618406-39651182(-),chr1:39666639-39667750,16012,1
NM_172120,L10013,chr13:18717292-18866811(+),chr13:18809774-18810434,92812,1
NM_172121,L16245,chr15:75754447-75841908(-),chr15:75835441-75836185,-6095,1
NM_172262,L10174,chr13:47043499-47085279(+),chr13:47062530-47063419,19475,1
NM_172295,L12900,chr3:101813076-101836223(-),chr3:101780980-101781520,-54973,1
NM_172400,L8080,chr4:132535559-132553742(+),chr4:132535439-132536231,276,1
NM_172409,L9215,chr2:52857868-53134202(+),chr2:52963374-52963973,105805,1
NM_172499,L21455,chr1:40772040-40790657(-),chr1:40759388-40760630,-30648,1
NM_172506,L19008,chr16:44485045-44558870(-),chr16:44526235-44528124,-30950,1
NM_172530,L16809,chr3:89831370-89858846(+),chr3:89812579-89813278,-18442,2
NM_172543,L11051,chr11:95337018-95381872(+),chr11:95342873-95343795,6316,1
NM_172557,L5685,chr11:50389286-50431125(-),chr11:50421651-50422806,-8897,1
NM_172565,L6202,chr11:100457122-100472782(-),chr11:100471954-100473127,-242,1
NM_172580,L19810,chr12:84100654-84109783(+),chr12:84100435-84101703,415,1
NM_172625,L4192,chr18:24104761-24121819(-),chr18:24101752-24102319,-19784,1
NM_172626,L22769,chr18:42275353-42341540(+),chr18:42333923-42334833,59025,1
NM_172679,L16639,chr3:36863106-37053033(+),chr3:36941792-36942944,79262,1
NM_172682,L12716,chr3:85660063-85746209(-),chr3:85773570-85774494,27823,1
NM_172700,L443,chr4:121059237-121098210(-),chr4:121097279-121098673,-234,1
NM_172707,L2565,chr5:32458970-32493712(+),chr5:32472079-32473258,13698,1
NM_172715,L2794,chr5:100846229-100899102(+),chr5:100868904-100869734,23090,1
NM_172721,L4880,chr5:118064981-118155458(-),chr5:118154867-118155689,-180,1
NM_172722,L2937,chr5:121397995-121442409(+),chr5:121397404-121398451,-68,1
NM_172733,L24171,chr6:137754577-137837872(+),chr6:137872030-137872782,117829,1
NM_172742,L15554,chr7:64287670-64340806(+),chr7:64283892-64284527,-3461,1
NM_172799,L11062,chr11:96133786-96165452(+),chr11:96130618-96131164,-2895,1
NM_172800,L6319,chr11:113780172-114067029(-),chr11:113927117-113928802,-139070,1
NM_172825,L19042,chr16:56724609-56795858(-),chr16:56808783-56809525,13296,1
NM_172827,L22110,chr17:17527723-17624489(-),chr17:17645649-17646503,21587,1
NM_172840,L20408,chr19:56874416-56912078(+),chr19:56885488-56886272,11464,1
NM_172841,L21364,chr1:12866550-12991135(-),chr1:12990332-12992842,452,1
NM_172852,L6797,chr1:106980984-107001195(+),chr1:107005101-107005721,24427,1
NM_172872,L311,chr4:98754892-98817537(-),chr4:98819185-98819775,1943,1
NM_172880,L4684,chr5:86705186-86745807(-),chr5:86726779-86727760,-18538,1
NM_172921,L14582,chr9:48362041-48400025(+),chr9:48407507-48408224,45824,1
NM_173036,L8743,chr8:95017692-95045249(+),chr8:95017517-95018936,534,1
NM_173189,L8365,chr8:18595131-18803188(+),chr8:18564385-18565276,-30301,1
NM_173368,L18016,chr2:160946978-161109086(-),chr2:161126784-161129084,18848,1
NM_173379,L18922,chr16:25959284-26105813(-),chr16:26233938-26234547,128429,1
NM_173403,L2679,chr5:73006904-73012955(+),chr5:73071177-73071806,64587,1
NM_173437,L21765,chr1:135434580-135585355(-),chr1:135466752-135467581,12483,1
NM_173741,L23133,chr17:25823627-25828730(+),chr17:25819074-25819810,-4185,1
NM_173775,L13466,chr6:90403736-90428480(-),chr6:90434893-90435603,6768,1
NM_173865,L6844,chr1:131828012-131848864(+),chr1:131834140-131834921,6518,1
NM_174866,L15430,chr7:43690418-43695536(+),chr7:43680956-43682753,-8564,1
NM_175088,L23579,chr6:15720661-15802169(+),chr6:15987248-15988664,267295,1
NM_175102,L18192,chr10:13008450-13009183(+),chr10:12996773-12997349,-11389,1
NM_175111,L21169,chr16:35770386-35828462(+),chr16:35813044-35813638,42955,1
NM_175127,L21990,chr1:182313102-182341606(-),chr1:182362745-182364320,21926,1
NM_175148,L23294,chr17:35567485-35568945(+),chr17:35577945-35578902,10938,1
NM_175149,L14295,chr8:124635756-124663369(-),chr8:124661853-124663872,-507,1
NM_175150,L10232,chr13:55714650-55726228(+),chr13:55714270-55715563,266,1
NM_175155,L3187,chr10:8722219-8886070(-),chr10:9277161-9277831,391426,1
NM_175161,L17685,chr2:103992495-104028361(-),chr2:104027433-104029870,290,1
NM_175210,L21545,chr1:71243090-71414910(-),chr1:71395978-71396799,-18522,1
NM_175266,L14950,chr9:111271845-111279091(+),chr9:111289293-111290305,17954,1
NM_175279,L15836,chr7:112953962-112957458(+),chr7:112992504-112993931,39255,1
NM_175307,L8090,chr4:133480133-133487940(+),chr4:133467838-133468384,-12022,1
NM_175329,L18412,chr10:75933130-75937750(+),chr10:75935525-75936319,2792,1
NM_175382,L6838,chr1:131527903-131539035(+),chr1:131555046-131555614,27427,1
NM_175383,L20065,chr19:5038826-5041134(+),chr19:5038092-5039960,200,1
NM_175388,L12077,chr7:99920254-99980458(-),chr7:99946987-99947972,14587,1
NM_175399,L3902,chr15:76327397-76330670(+),chr15:76319275-76319923,-7798,1
NM_175465,L17458,chr2:77180340-77280592(-),chr2:77341496-77342575,61443,1
NM_175481,L957,chr9:42520412-42944371(-),chr9:43014906-43016067,71115,1
NM_175499,L2411,chr14:110748578-110755149(-),chr14:110600495-110601276,-154264,1
NM_175512,L9249,chr2:69380462-69403086(+),chr2:69382876-69384171,3061,1
NM_175542,L22936,chr18:88971790-89131014(+),chr18:88980660-88981479,9039,1
NM_175645,L15847,chr7:117380979-117667630(+),chr7:117303577-117304493,-76944,1
NM_176785,L20356,chr19:45998137-46013386(+),chr19:46014480-46015154,11339,1
NM_176837,L18251,chr10:26772512-26918648(+),chr10:26878835-26879720,106765,1
NM_176965,L5956,chr11:77089915-77188968(-),chr11:77160111-77160949,-28438,1
NM_177030,L842,chr9:21800180-21852635(-),chr9:21803995-21804857,-5574,1
NM_177036,L11548,chr7:19875742-19887965(-),chr7:19887482-19888102,-173,1
NM_177055,L21612,chr1:85717083-85736606(-),chr1:85703367-85704128,-32859,1
NM_177068,L6997,chr1:170644532-170682789(+),chr1:170632428-170632994,-11821,1
NM_177130,L12717,chr3:85869846-85887518(-),chr3:85923762-85924659,36692,1
NM_177152,L18688,chr10:125966219-126015359(+),chr10:126102665-126103396,136811,1
NM_177161,L15687,chr7:100285520-100319699(+),chr7:100279797-100280433,-5405,2
NM_177167,L6044,chr11:87226906-87358994(-),chr11:87309421-87310757,-48905,1
NM_177260,L16753,chr3:84666192-84704575(+),chr3:84695328-84697133,30038,1
NM_177271,L3188,chr10:9627259-9675208(-),chr10:9291438-9292354,-383312,1
NM_177275,L14892,chr9:108053159-108055701(+),chr9:108052862-108054066,305,1
NM_177305,L21632,chr1:88698226-88702191(-),chr1:88701107-88702614,-331,1
NM_177307,L23203,chr17:32452723-32493320(+),chr17:32474911-32475475,22470,1
NM_177330,L16601,chr3:27371351-27378010(+),chr3:27345437-27346410,-25428,1
NM_177337,L7428,chr14:61309753-61311936(+),chr14:61316829-61317451,7387,2
NM_177388,L3502,chr10:83231139-83337817(-),chr10:83336957-83338345,-166,1
NM_177390,L5991,chr11:80482127-80780025(-),chr11:80495942-80497153,-12559,2
NM_177396,L15315,chr7:28522836-28524322(+),chr7:28527949-28528710,5493,1
NM_177565,L10829,chr11:70764447-70772928(+),chr11:70763632-70764944,-159,2
NM_177572,L433,chr4:119465285-119492598(-),chr4:119462557-119463845,-29397,1
NM_177602,L19929,chr12:108894272-109028452(+),chr12:108942187-108943884,48763,1
NM_177632,L21131,chr16:30599723-30602797(+),chr16:30780502-30781040,181048,2
NM_177633,L21144,chr16:32332252-32393747(+),chr16:32331808-32333437,370,1
NM_177718,L18929,chr16:28826176-28929698(-),chr16:29056842-29057727,127586,1
NM_177782,L18068,chr2:166566345-166713832(-),chr2:166642374-166643302,-70994,1
NM_177793,L18282,chr10:40683282-40811083(+),chr10:40713031-40713909,30188,1
NM_177815,L7231,chr14:30654375-30691313(+),chr14:30671881-30672402,17766,1
NM_177841,L17236,chr2:26271647-26294557(-),chr2:26298275-26299012,4086,1
NM_178035,L6335,chr11:115278627-115297562(-),chr11:115290600-115291781,-6372,1
NM_178347,L4221,chr18:34631683-34651736(-),chr18:34663034-34663770,11666,1
NM_178378,L18957,chr16:33014270-33056186(-),chr16:33023364-33024499,-32255,1
NM_178385,L23397,chr17:46890621-46892463(+),chr17:46874222-46874629,-16196,1
NM_178397,L10213,chr13:54621784-54664063(+),chr13:54628695-54629713,7420,1
NM_178596,L6140,chr11:98979947-98983020(-),chr11:98981364-98982959,-859,1
NM_178626,L5725,chr11:54717415-54787703(-),chr11:54757900-54759068,-29219,1
NM_178635,L12067,chr7:98886743-99141144(-),chr7:98989916-98991175,-150599,1
NM_178645,L10902,chr11:76945656-76987389(+),chr11:76945087-76945942,-142,1
NM_178652,L23374,chr17:44777166-45119290(+),chr17:44767251-44768011,-9535,1
NM_178679,L3371,chr10:67886105-67912662(-),chr10:67868461-67869134,-43865,1
NM_178695,L17692,chr2:104830741-104849850(-),chr2:104858974-104859631,9452,1
NM_178727,L185,chr4:57908384-57916264(-),chr4:57904171-57904930,-11714,1
NM_178743,L11313,chr11:119355557-119381076(+),chr11:119363455-119364160,8250,1
NM_178746,L10405,chr13:112660766-112738752(+),chr13:112683061-112684177,22853,1
NM_178756,L7740,chr4:49059462-49340261(+),chr4:48904768-48906004,-154076,1
NM_178760,L9113,chr2:31152316-31216567(+),chr2:31151652-31153628,324,1
NM_178848,L10159,chr13:43370716-43395203(+),chr13:43348930-43349835,-21334,1
NM_178856,L14246,chr8:120581266-120589075(-),chr8:120607618-120608708,19088,1
NM_178920,L3835,chr15:54571366-54602846(+),chr15:54495823-54497052,-74929,1
NM_178931,L733,chr4:154922210-154928077(-),chr4:154944126-154944586,16279,1
NM_181323,L2681,chr5:73406078-73453425(+),chr5:73379910-73380578,-25834,1
NM_181394,L14840,chr9:102626296-102634244(+),chr9:102632846-102633357,6805,1
NM_181415,L20413,chr19:57611034-58133340(+),chr19:58060537-58061349,9776,1
NM_181490,L19121,chr16:88505807-88506978(-),chr16:88463039-88463708,-43605,1
NM_181543,L4266,chr18:42577881-42579652(-),chr18:42589369-42590308,10186,1
NM_181593,L11654,chr7:27207170-27228617(-),chr7:27227582-27228977,-338,1
NM_181753,L22416,chr17:42556783-42611313(-),chr17:42643074-42643790,32119,1
NM_183204,L10161,chr13:43615797-43670944(+),chr13:43629725-43630271,14201,1
NM_183224,L12913,chr3:104767405-104777547(-),chr3:104713964-104715384,-62873,1
NM_183248,L12423,chr7:139579376-139582797(-),chr7:139599052-139599600,16529,1
NM_183263,L10897,chr11:76243736-76250622(+),chr11:76302140-76303014,58841,1
NM_183275,L5989,chr11:80136678-80142153(-),chr11:80141628-80143143,232,1
NM_183294,L19351,chr12:69746848-69790707(-),chr12:69790306-69791759,325,1
NM_183391,L6955,chr1:161494657-161505290(+),chr1:161550468-161551367,56260,1
NM_197990,L21807,chr1:151884524-152090320(-),chr1:151953272-151954828,-136270,1
NM_197996,L3345,chr10:62185396-62231218(-),chr10:62182949-62183684,-10911,1
NM_198037,L7863,chr4:100776679-101003748(+),chr4:100692270-100693276,-83906,1
NM_198248,L593,chr4:136979732-137048695(-),chr4:137047747-137049177,-233,1
NM_198299,L14164,chr8:105703652-105708208(-),chr8:105707617-105708500,-150,1
NM_198627,L9791,chr2:157914653-157944719(+),chr2:157913046-157913756,-1252,1
NM_198680,L21684,chr1:107153961-107161114(-),chr1:107214596-107215259,53813,1
NM_198884,L13560,chr6:120200753-120294897(-),chr6:120262652-120264957,-31093,1
NM_198960,L480,chr4:126716003-126736269(-),chr4:126741151-126741945,5279,1
NM_199027,L18053,chr2:164891892-164911750(-),chr2:164924235-164924924,12829,1
NM_199042,L8440,chr8:26158169-26164151(+),chr8:26168826-26169565,11026,1
NM_199068,L3098,chr5:142401497-142462015(+),chr5:142400841-142402526,186,1
NM_199159,L23700,chr6:42405529-42406494(+),chr6:42413584-42414329,8427,1
NM_199422,L16829,chr3:90654302-90658130(+),chr3:90652826-90653427,-1176,1
NM_201227,L14067,chr8:84815405-84832265(-),chr8:84815436-84816142,-7034,1
NM_201362,L22882,chr18:69925559-69969484(+),chr18:69984428-69986386,59848,1
NM_201411,L5219,chr19:7092011-7105729(-),chr19:7143268-7144950,38380,1
NM_201600,L22895,chr18:74442619-74771477(+),chr18:74474767-74475638,32583,1
NM_201615,L5508,chr19:60466733-60468304(-),chr19:60463475-60464558,-4288,1
NM_207237,L570,chr4:134561690-134704290(-),chr4:134588861-134589399,21279,1
NM_207245,L22282,chr17:32879221-32891603(-),chr17:32891044-32892060,-51,1
NM_207280,L21985,chr1:181509633-181511451(-),chr1:181535302-181536133,24266,1
NM_207636,L2346,chr14:72537953-72710003(-),chr14:72783352-72784895,74120,1
NM_213730,L6155,chr11:99512960-99521338(-),chr11:99513841-99514876,-6980,1
NR_002847,L5186,chr19:5795690-5802672(-),chr19:5800141-5804809,-197,1
NR_002874,L3841,chr15:56689944-56694460(+),chr15:56661225-56661872,-28396,1
NR_002928,L14189,chr8:109339800-109340908(-),chr8:109369848-109370665,29348,1
NR_003282,L10928,chr11:78394485-78405657(+),chr11:78397010-78397949,2994,1
NR_003513,L5187,chr19:5824710-5845480(-),chr19:5846653-5847727,1710,1
NR_003523,L16192,chr15:62217541-62219451(-),chr15:62734871-62736213,516091,1
NR_004446,L22304,chr17:33974659-33978791(-),chr17:33978568-33979240,113,1
NR_015471,L10388,chr13:107022570-107033518(+),chr13:107042349-107043856,20532,1
NR_015472,L23079,chr17:23749236-23754065(+),chr17:23748327-23749559,-293,1
NR_015480,L15490,chr7:45366161-45367948(+),chr7:45360876-45362522,-4462,1
NR_015483,L14539,chr9:41376526-41615183(+),chr9:41587998-41589024,6585,2
NR_015485,L7517,chr14:76677568-76687108(+),chr14:76698538-76699364,21383,1
NR_015489,L11297,chr11:117611247-117613417(+),chr11:117610968-117611653,63,1
NR_015522,L9978,chr13:3478232-3501393(+),chr13:3477723-3478650,-46,1
NR_015540,L21634,chr1:89676507-89683892(-),chr1:89694862-89695408,11243,1
NR_015556,L6313,chr11:113043906-113201838(-),chr11:113198249-113199213,-3107,1
NR_015561,L10327,chr13:83721381-83741308(+),chr13:83714953-83715691,-6059,1
NR_015571,L22742,chr18:36106203-36109954(+),chr18:36099483-36100271,-6326,1
NR_015583,L16021,chr7:140906021-140907983(+),chr7:140908342-140909004,2652,1
NR_015601,L10182,chr13:48968112-48969905(+),chr13:48974462-48975135,6686,1
NR_015605,L14579,chr9:46913603-46927366(+),chr9:46735516-46736801,-177445,1
NR_015618,L23308,chr17:35994504-36038174(+),chr17:35997034-35998384,3205,1
NR_024085,L6310,chr11:112663927-112711356(-),chr11:112214584-112215595,-496267,1
NR_024329,L17990,chr2:156388063-156392979(-),chr2:156392321-156393051,-293,1
NR_026853,L22782,chr18:44661665-44676271(+),chr18:44619838-44620670,-41411,1
NR_027388,L2515,chr5:25530018-25531466(+),chr5:25613842-25614890,84348,1
NR_027643,L6321,chr11:114413405-114448860(-),chr11:114478656-114479098,30017,1
NR_027797,L5530,chr11:4620275-4630011(-),chr11:4621945-4623460,-5064,1
NR_027803,L24191,chr6:143245888-143297879(+),chr6:143222330-143222894,-23276,1
NR_027817,L4852,chr5:114808196-114813976(-),chr5:114812990-114814009,-477,1
NR_027893,L24443,chr13:52729370-52757205(-),chr13:52711789-52712427,-45097,1
NR_027924,L1439,chrX:7411817-7422988(-),chrX:7422652-7423358,17,1
NR_027986,L22095,chr17:14389107-14398942(-),chr17:14371547-14372882,-26728,1
NR_028264,L2278,chr14:61602836-61682373(-),chr14:61697003-61699040,15648,1
NR_028307,L13794,chr8:11692982-11694514(-),chr8:11700120-11700943,6017,1
NR_028526,L10733,chr11:62602877-62604806(+),chr11:62613601-62614319,9430,1
NR_028537,L8079,chr4:132308678-132311024(+),chr4:132308199-132309408,125,1
NR_028540,L9868,chr2:167062934-167065862(+),chr2:167071474-167073852,7370,1
NR_029381,L17870,chr2:131820006-131847656(-),chr2:131820166-131821720,-26713,1
NR_029463,L24437,chr13:51097738-51100727(-),chr13:51062554-51063610,-37645,1
NR_029470,L3945,chr15:79166066-79216401(+),chr15:79176646-79177561,11037,1
NR_029540,L21275,chr16:77646273-77646343(+),chr16:77778993-77779680,133063,1
NR_029552,L8728,chr8:94324311-94324381(+),chr8:94322943-94324384,-648,1
NR_029567,L23608,chr6:29022619-29022691(+),chr6:29023084-29024572,1209,1
NR_029721,L11066,chr11:96265164-96265265(+),chr11:96260086-96261810,-4216,1
NR_029727,L4008,chr15:85703773-85707524(+),chr15:85709039-85710479,2440,1
NR_029806,L1485,chrX:19146294-19146388(-),chrX:18875651-18876533,-270296,1
NR_029818,L15595,chr7:79500026-79534403(+),chr7:79495920-79496435,-3849,1
NR_029855,L21028,chr16:13447952-13476317(+),chr16:13409514-13410431,-37980,1
NR_029959,L10940,chr11:79726400-79726511(+),chr11:79826975-79827885,101030,1
NR_030454-HOMER4,L2499,chr5:24257528-24257612(+),chr5:24269224-24270120,12144,1
NR_030676,L12910,chr3:103964536-103968316(-),chr3:104092649-104093117,124567,1
NR_030769,L9682,chr2:147184083-147331681(+),chr2:147177659-147179033,-5737,1
NR_033139,L174,chr4:53261356-53270232(-),chr4:53350797-53353100,81716,1
NR_033141,L2362,chr14:77479483-77506868(-),chr14:77351737-77352458,-154771,1
NR_033301,L14842,chr9:102739648-102756685(+),chr9:102762920-102763931,23777,1
NR_033448,L18055,chr2:165078693-165090750(-),chr2:165074356-165075394,-15875,1
NR_033459,L9666,chr2:144459280-144467794(+),chr2:144451719-144453204,-6819,1
NR_033467,L9861,chr2:166273908-166294831(+),chr2:166300897-166301736,27408,1
NR_033473,L17704,chr2:109902396-109913319(-),chr2:109904078-109904780,-8890,1
NR_033532,L12462,chr7:141359178-141365110(-),chr7:141362981-141363916,-1662,1
NR_033542,L13080,chr3:146367153-146378944(-),chr3:146344953-146345649,-33643,1
NR_033605,L15314,chr7:28496941-28497492(+),chr7:28487794-28488542,-8773,1
NR_036590,L5483,chr19:53248736-53255205(-),chr19:53227920-53228855,-26818,1
NR_036598,L19983,chr12:110994398-111013872(+),chr12:110987709-110988471,-6308,1
NR_036602,L61,chr4:33027139-33031323(-),chr4:33018244-33018988,-12707,1
NR_037693,L4332,chr18:62751674-62756347(-),chr18:62810553-62811009,54434,1
NR_037957,L21099,chr16:21794347-21809039(+),chr16:21818228-21819084,24309,1
NR_037960,L23904,chr6:86527330-86564449(+),chr6:86568999-86569844,42020,1
NR_037999,L21501,chr1:57359222-57377544(-),chr1:57365282-57366299,-11754,1
NR_038011,L6913,chr1:151138034-151144095(+),chr1:151098486-151099270,-39156,1
NR_038038,L18370,chr10:62340234-62363611(+),chr10:62313137-62313450,-26941,1
NR_038053,L7370,chr14:54650511-54655100(+),chr14:54650994-54651558,765,1
NR_038130,L19472,chr12:99161277-99162808(-),chr12:99218976-99220024,56692,1
NR_038151,L22722,chr18:33794892-33795989(+),chr18:33888363-33889978,94278,1
NR_039545,L11017,chr11:88352773-88352864(+),chr11:88479544-88480006,127002,1
NR_039562,L21417,chr1:34433121-34433199(-),chr1:34433880-34435188,1335,1
NR_040287,L13338,chr6:61175604-61180810(-),chr6:61242441-61243089,61955,1
NR_040296,L24159,chr6:135188480-135194959(+),chr6:135191614-135193895,4274,1
NR_040332,L17679,chr2:103338601-103372764(-),chr2:103343484-103344080,-28982,1
NR_040351,L4091,chr15:100423193-100428150(+),chr15:100442933-100444339,20443,1
NR_040374,L21118,chr16:25059639-25069058(+),chr16:25147193-25148055,87985,1
NR_040376,L13892,chr8:35582503-35589020(-),chr8:35613906-35614583,25224,1
NR_040392,L14538,chr9:41206155-41217627(+),chr9:41228479-41229395,22782,1
NR_040424,L5061,chr5:143164779-143165751(-),chr5:143165549-143166319,183,1
NR_040469,L4465,chr5:23382302-23434353(-),chr5:23406001-23406622,-27025,1
NR_040477,L22040,chr1:194212187-194222759(-),chr1:194372339-194373950,150385,1
NR_040480,L21877,chr1:165066617-165091930(-),chr1:165084065-165084772,-7512,1
NR_040493,L6730,chr1:88754890-88755733(+),chr1:88750234-88751093,-4227,2
NR_040508,L17705,chr2:110031250-110050479(-),chr2:110080210-110081308,30280,1
NR_040520,L13387,chr6:82877866-82881853(-),chr6:82879199-82880290,-2109,1
NR_040523,L13219,chr6:39063879-39067586(-),chr6:39006105-39006922,-61073,1
NR_040542,L16755,chr3:85317519-85332027(+),chr3:85274793-85275708,-42269,1
NR_040552,L17038,chr3:127916171-127955220(+),chr3:127948136-127949414,32604,1
NR_040555,L12625,chr3:52906756-52927666(-),chr3:52903828-52904507,-23499,1
NR_040597,L16569,chr3:9061964-9071076(+),chr3:9053533-9054233,-8081,1
NR_040601,L21518,chr1:62790918-62794732(-),chr1:62772007-62772698,-22380,1
NR_040617,L9810,chr2:162390813-162393946(+),chr2:162282422-162283448,-107878,1
NR_040627,L7097,chr1:184712497-184718989(+),chr1:184675452-184676406,-36568,1
NR_040631,L9510,chr2:117821928-117909136(+),chr2:117838310-117839581,17017,1
NR_040635,L17446,chr2:75436057-75444179(-),chr2:75412327-75413397,-31317,1
NR_040681,L4613,chr5:64454813-64467942(-),chr5:64381989-64383030,-85433,1
NR_040694,L2917,chr5:118952339-118961261(+),chr5:118999872-119000592,47893,1
NR_040695,L4627,chr5:66166607-66191335(-),chr5:66199931-66200450,8855,1
NR_040697,L14090,chr8:87169747-87199850(-),chr8:87219046-87219726,19536,1
NR_040701,L3086,chr5:139523751-139541339(+),chr5:139510677-139511395,-12715,1
NR_040702,L8916,chr8:123733958-123739941(+),chr8:123721776-123722567,-11787,1
NR_040705,L13785,chr8:10870422-10882454(-),chr8:10677098-10678412,-204699,1
NR_040736,L14655,chr9:58455173-58469623(+),chr9:58447675-58448636,-7018,1
NR_040752,L12712,chr3:84349376-84379921(-),chr3:84355805-84356596,-23721,1
NR_045061,L10203,chr13:52096741-52124160(+),chr13:52235564-52236584,139333,1
NR_045070,L16118,chr15:33593881-33653436(-),chr15:33614109-33614831,-38966,1
NR_045076,L16187,chr15:59788417-59794959(-),chr15:59731051-59731518,-63675,1
NR_045088,L24407,chr13:44193589-44216487(-),chr13:44316638-44317982,100823,1
NR_045092,L16161,chr15:51231640-51395610(-),chr15:51471939-51472761,76740,2
NR_045096,L15254,chr7:24818795-24840275(+),chr7:24817279-24817785,-1263,1
NR_045153,L22420,chr17:43146041-43158291(-),chr17:43157960-43158599,-12,1
NR_045167,L16692,chr3:58692589-58788524(+),chr3:58785426-58786612,93430,1
NR_045185,L19,chr4:10508031-10797802(-),chr4:10357222-10358153,-440115,1
NR_045318,L5490,chr19:55640589-55702204(-),chr19:55643078-55643694,-58818,1
NR_045324,L6894,chr1:136683396-136690805(+),chr1:136656320-136657199,-26637,1
NR_045334,L1097,chr9:61259227-61293809(-),chr9:61321648-61322821,28425,1
NR_045342,L18664,chr10:117925459-117948307(+),chr10:117916194-117916822,-8951,1
NR_045344,L3586,chr10:111586719-111594273(-),chr10:111575728-111577422,-17698,2
NR_045357,L3374,chr10:68319065-68321142(-),chr10:68377107-68378062,56442,1
NR_045384,L2650,chr5:64044973-64050226(+),chr5:64012634-64013343,-31985,1
NR_045423,L5114,chr5:149489056-149538030(-),chr5:149537983-149539400,661,1
NR_045428,L22559,chr17:69275362-69277206(-),chr17:69276905-69277751,122,1
NR_045459,L23297,chr17:35772450-35780687(+),chr17:35776539-35777678,4658,1
NR_045470,L8808,chr8:106587143-106594820(+),chr8:106586812-106587677,101,1
NR_045507,L24250,chr13:15781664-15802630(-),chr13:15758739-15759771,-43375,1
NR_045614,L12314,chr7:122969058-122970459(-),chr7:122949038-122949899,-20991,1
NR_045660,L2359,chr14:76514558-76520855(-),chr14:76534863-76535830,14491,1
NR_045695,L11979,chr7:80062710-80075257(-),chr7:80059274-80060238,-15501,1
NR_045698,L19104,chr16:78250863-78255454(-),chr16:78197436-78199037,-57218,1
NR_045699,L3169,chr5:151368675-151432118(+),chr5:151388921-151389955,-17066,1
NR_045729,L9149,chr2:33805816-33813591(+),chr2:33785486-33786229,-19959,1
NR_045817,L20225,chr19:20405288-20422785(+),chr19:20434274-20435273,29485,1
NR_045866,L2688,chr5:74949194-74966368(+),chr5:74903565-74904559,-45132,1
NR_045871,L4782,chr5:107698212-107703480(-),chr5:107687801-107688994,-15083,1
NR_045878,L18933,chr16:30021842-30039479(-),chr16:30033564-30035449,-4973,1
NR_045879,L22901,chr18:75514645-75522806(+),chr18:75528525-75529595,14415,1
NR_045904,L13869,chr8:26814597-26824423(-),chr8:26864604-26865786,40772,1
NR_045914,L6607,chr1:63114471-63158295(+),chr1:63134497-63136314,20665,1
NR_045919,L9512,chr2:118304914-118308166(+),chr2:118307392-118308722,3143,1
NR_045976,L10415,chr13:114607228-114697822(+),chr13:114654154-114655232,47465,1
NR_045978,L12266,chr7:113100236-113142015(-),chr7:113106110-113107499,-35211,1
NR_046017,L8332,chr8:11007850-11054541(+),chr8:10990711-10991759,-16615,1
NR_046029,L3587,chr10:111854521-111874376(-),chr10:111844037-111844646,-30035,1
NR_046044,L19381,chr12:76546972-76547925(-),chr12:76552198-76552858,4603,1
NR_046081,L19832,chr12:86169341-86195102(+),chr12:86142012-86143035,-26818,1
NR_046209,L2250,chr14:56696275-56701000(-),chr14:56697533-56698392,-3038,1
NR_046279,L15969,chr7:133128251-133142457(+),chr7:133223662-133224658,95909,1
NR_046307,L2018,chr14:22507174-22542798(-),chr14:22413185-22413700,-129356,1
NR_046459,L2128,chr14:46568331-46575851(-),chr14:46574322-46574805,-1288,1
NR_077229,L16340,chr15:81242654-81251862(-),chr15:81247417-81248575,25,1
NR_102275,L4527,chr5:31569592-31571397(-),chr5:31564565-31565491,-6369,1
NR_102293,L14816,chr9:96765562-96774397(+),chr9:96782008-96782725,16804,1
NR_102348,L17430,chr2:72745846-72813717(-),chr2:72881311-72882155,68016,1
NR_103550,L10321,chr13:80940403-80948597(+),chr13:80948835-80949838,8933,1
NR_105031,L7767,chr4:59260051-59269144(+),chr4:59273177-59274136,13605,1
NR_105747,L2414,chr14:117953743-117953847(-),chr14:117793208-117794188,-160149,1
NR_105774,L22880,chr18:68739400-68739501(+),chr18:68590361-68591216,-148612,1
NR_105780,L4358,chr18:69022199-69022273(-),chr18:69152007-69153250,130355,1
NR_105822,L14308,chr8:128278148-128278225(-),chr8:127879432-127880131,-398444,1
NR_105824,L8009,chr4:123616420-123616521(+),chr4:123621730-123622349,5619,1
NR_105833,L10765,chr11:68220892-68221011(+),chr11:68182679-68183718,-37694,1
NR_105848,L23468,chr17:64440806-64440907(+),chr17:64398012-64399548,-42026,1
NR_106149,L6563,chr1:53849424-53849495(+),chr1:53940082-53940872,91053,1
NR_106162,L2597,chr5:36301570-36301628(+),chr5:36314599-36315907,13683,1
NR_106172,L6697,chr1:85751948-85752074(+),chr1:85761503-85762206,9906,1
NR_108026,L16881,chr3:95217457-95226658(+),chr3:95199902-95201014,-16999,1
NR_108037,L3923,chr15:77084398-77096314(+),chr15:77076413-77077254,-7565,1
NR_108086,L6698,chr1:85775271-85784694(+),chr1:85771852-85772430,-3130,1
NR_110455,L23758,chr6:51379710-51392791(+),chr6:51401237-51402143,21980,1
NR_121588,L1981,chr14:13157388-13284638(-),chr14:13242655-13243338,-41642,1
NR_125899,L10148,chr13:40727808-40735162(+),chr13:40645744-40646611,-81631,1
NR_126070,L6311,chr11:112792731-112799008(-),chr11:112810599-112812116,12349,1
NR_126083,L24416,chr13:47143940-47148670(-),chr13:47167867-47168902,19714,1
NR_126429,L602,chr4:138137580-138138518(-),chr4:138074724-138075646,-63333,1
NR_126458,L20227,chr19:21104710-21105538(+),chr19:21104430-21105215,112,1
NR_130171,L10379,chr13:102760255-102761896(+),chr13:102755904-102756740,-3933,1
NR_130791,L12609,chr3:41500931-41528474(-),chr3:41514632-41515362,-13477,1
NR_130966,L11295,chr11:117484368-117489014(+),chr11:117475434-117476332,-8485,1
NR_131020,L13941,chr8:56465622-56484968(-),chr8:56419459-56421000,-64739,1
NR_131060,L15557,chr7:65582031-65619347(+),chr7:65486002-65487124,-95468,1
NR_131073,L19393,chr12:79917019-79936264(-),chr12:79929872-79930427,4655,1
NR_131124,L22007,chr1:186511838-186558681(-),chr1:186515239-186516658,-42733,1
NR_131932,L2893,chr5:115301120-115320082(+),chr5:115312741-115314014,12257,1
NR_131974,L18086,chr2:169962013-169963187(-),chr2:169836935-169837747,-125846,1
NR_136907,L21406,chr1:31019188-31096454(-),chr1:31051183-31052173,-44776,1
NR_136921,L21626,chr1:87853347-87854299(-),chr1:87881442-87882492,27668,1
NR_136924,L24691,chr13:103591395-103707633(-),chr13:103589662-103590487,-117559,1
NR_136931,L11266,chr11:115491529-115493361(+),chr11:115491025-115492311,139,1
NR_151466,L19175,chr16:93792136-93794901(-),chr16:93780490-93781458,-13927,1
NR_151527,L8169,chr4:141278439-141279792(+),chr4:141286673-141287520,8657,1
NR_151529,L6483,chr1:23574587-23596650(+),chr1:23644922-23645559,70653,1
NR_151541,L42,chr4:19716786-19719886(-),chr4:19728107-19728910,8622,1
NR_151545,L21822,chr1:155063447-155083264(-),chr1:155040137-155040707,-42842,1
NR_151694,L464,chr4:124735731-124751354(-),chr4:124762689-124763409,11695,1
NR_152163,L2791,chr5:100302370-100308358(+),chr5:100266392-100267741,-35304,1
NR_152168,L23666,chr6:39420378-39421294(+),chr6:39447599-39448309,27576,1
NR_152205,L18944,chr16:31427876-31429776(-),chr16:31464418-31465839,35352,1
NR_152252,L7408,chr14:56811989-56813899(+),chr14:56817035-56817710,5383,1
NR_152731,L18657,chr10:116674591-116679303(+),chr10:116683016-116683991,8912,1
NR_152796,L3630,chr10:121199141-121202649(-),chr10:121253961-121255371,52017,1
NR_153117,L20847,chrX:133687780-133707262(+),chrX:133655323-133656563,-31837,1
NR_153763,L7518,chr14:76760131-76762215(+),chr14:76780368-76781488,20797,1
NR_153764,L21103,chr16:22294988-22295459(+),chr16:22296663-22297526,2106,1
NR_153781,L7200,chr14:25109261-25112930(+),chr14:25031109-25032621,-77396,1
NR_153789,L19115,chr16:86769926-86806513(-),chr16:86644769-86645659,-161299,1
NR_153817,L16059,chr7:143628070-143670614(+),chr7:143629529-143630001,1695,1
NR_153843,L13482,chr6:95114017-95117631(-),chr6:95098223-95098974,-19033,1
NR_153848,L13691,chr6:134308951-134403415(-),chr6:134402867-134404113,75,1
NR_154466,L12265,chr7:112526972-112535683(-),chr7:112499303-112500213,-35925,1
NR_154548,L731,chr4:154862834-154872003(-),chr4:154877765-154878311,6035,1
NR_155286,L7584,chr14:122913030-122929442(+),chr14:122875739-122876872,-36725,1
NR_155430,L24251,chr13:15813552-16023423(-),chr13:16474760-16475315,451614,1
NR_155441,L16137,chr15:37231921-37233159(-),chr15:37244038-37244895,11307,1
NR_155517,L22486,chr17:52592981-52602660(-),chr17:52559720-52560602,-42499,1
NR_162780,L6039,chr11:86852604-86852658(-),chr11:86836188-86837194,-15967,1
NR_162802,L707,chr4:150797898-150797952(-),chr4:150798627-150799184,953,1
NR_162811,L777,chr9:14180027-14180072(-),chr9:14215282-14216586,35862,1
NR_164179,L13513,chr6:113044035-113046171(-),chr6:113037991-113038977,-7687,1
NR_164193,L17445,chr2:75190995-75191854(-),chr2:75132061-75132588,-59530,1
NR_164314,L5781,chr11:60112217-60115232(-),chr11:60113239-60116062,-582,1
NR_165265,L4928,chr5:123332723-123345142(-),chr5:123343729-123346144,-206,1
NR_165462,L7112,chr1:189343051-189344892(+),chr1:189215054-189215926,-127561,1
NR_166056,L23626,chr6:30304615-30331805(+),chr6:30346579-30347879,42614,1
NR_166075,L15698,chr7:101547872-101557701(+),chr7:101537708-101538839,-9599,1
NR_166080,L18690,chr10:126371975-126374332(+),chr10:126520107-126521518,148837,1
NR_166195,L17889,chr2:137870046-137876831(-),chr2:137942401-137943490,66114,1
NR_166200,L6808,chr1:118359322-118363450(+),chr1:118368547-118369506,9704,1
NR_166207,L12549,chr3:18341661-18461344(-),chr3:18375486-18377147,-85028,1
NR_166362,L12581,chr3:34298173-34351698(-),chr3:34445105-34446217,93963,1
NR_166438,L6789,chr1:105116453-105127780(+),chr1:105210177-105211229,94250,1
NR_166439,L9106,chr2:30534729-30539020(+),chr2:30544710-30545813,10532,1
NR_166446,L459,chr4:124302835-124332720(-),chr4:124400190-124401886,68318,1
NR_166452,L7970,chr4:117975034-117993977(+),chr4:117980172-117980819,5461,1
NR_166468,L9874,chr2:167777491-167783497(+),chr2:167833988-167835493,57249,1
NR_166473,L12560,chr3:21753608-21800771(-),chr3:21407090-21407691,-393381,1
NR_166507,L11930,chr7:65212815-65213420(-),chr7:65212929-65213867,-22,1
NR_166508,L8349,chr8:13200782-13201789(+),chr8:13204238-13204878,3776,2
NR_166536,L8326,chr8:7380948-7428520(+),chr8:6780879-6781692,-599663,1
NR_166587,L11906,chr7:56038841-56050050(-),chr7:56042318-56042960,-7411,1
NR_166589,L8174,chr4:141535549-141537417(+),chr4:141525830-141526636,-9316,1
NR_166636,L26,chr4:11611138-11615010(-),chr4:11627950-11628630,13280,1
NR_166640,L14345,chr9:14090077-14109494(+),chr9:14089743-14091100,344,1
NR_166664,L4971,chr5:134098412-134099641(-),chr5:134006708-134007579,-92498,1
NR_166666,L18596,chr10:95730326-95739363(+),chr10:95704897-95705360,-25198,1
NR_166745,L10504,chr11:22611709-22618492(+),chr11:22660897-22661738,49608,1
NR_166748,L19633,chr12:21417882-21421064(+),chr12:21436789-21437633,19329,1
NR_166769,L20388,chr19:53128703-53131788(+),chr19:53107560-53108267,-20790,1
NR_166828,L20272,chr19:33391801-33418376(+),chr19:33366441-33367049,-25056,1
NR_166830,L10454,chr11:4285468-4304148(+),chr11:4307900-4309408,23186,1
NR_166837,L10462,chr11:5485880-5506247(+),chr11:5485177-5486035,-274,1
NR_166901,L22613,chr17:84159877-84182931(-),chr17:84183024-84184016,589,1
NR_166919,L19556,chr12:112391526-112405812(-),chr12:112295056-112295911,-110329,1
NR_167699,L11035,chr11:94133456-94155770(+),chr11:94133159-94133994,120,2
NR_167732,L20247,chr19:27344749-27356409(+),chr19:27351493-27352335,7165,1
NR_167735,L10397,chr13:110627245-110642741(+),chr13:110679666-110680427,52074,1
NR_168040,L10368,chr13:99100699-99107581(+),chr13:99127919-99129018,27769,1
NR_168140,L8095,chr4:133816479-133821765(+),chr4:133840891-133841328,24630,1
NR_168279,L8964,chr2:9352260-9467314(+),chr2:9327579-9328934,-24004,1
NR_168286,L12998,chr3:122377097-122391996(-),chr3:122348447-122349479,-43033,1
NR_168324,L21845,chr1:160041701-160044317(-),chr1:159910778-159911560,-133148,1
NR_168354,L18013,chr2:160604358-160620067(-),chr2:160597637-160598397,-22050,1
NR_168504,L22580,chr17:74942540-74950298(-),chr17:74869129-74870476,-80496,1
NR_168518,L2797,chr5:102175330-102178235(+),chr5:102206731-102207484,31777,1
NR_168525,L8242,chr4:150807780-150809721(+),chr4:150824759-150826164,17681,1
NR_168574,L11039,chr11:94352206-94362315(+),chr11:94369902-94371242,18366,1
NR_168596,L1971,chr14:8003492-8004054(-),chr14:8028006-8029107,24502,1
NR_168598,L22572,chr17:72914745-72918155(-),chr17:72907098-72908108,-10552,1
NR_168616,L8852,chr8:115715922-115730008(+),chr8:115884993-115885364,169256,1
NR_168634,L10647,chr11:53980031-53986217(+),chr11:53979539-53980723,100,1
NR_168644,L11120,chr11:99168312-99175730(+),chr11:99170424-99171456,2628,2
NR_168646,L6046,chr11:87547859-87566600(-),chr11:87519107-87519968,-47063,1
NR_168674,L11244,chr11:113786174-113787695(+),chr11:113773271-113773673,-12702,3
NR_168680,L19660,chr12:32724728-32771448(+),chr12:32724356-32724962,-69,2
NR_168698,L7558,chr14:114946019-114948296(+),chr14:114988171-114988890,42511,1
NR_168706,L21426,chr1:36463212-36471769(-),chr1:36484771-36485699,13466,1
NR_168718,L19170,chr16:92583409-92596148(-),chr16:92614866-92615828,19199,1
NR_168727,L13890,chr8:35249757-35261431(-),chr8:35112873-35114696,-147647,1
NR_168887,L4733,chr5:96910270-96922149(-),chr5:96940024-96941564,18645,1
NR_168894,L4416,chr5:3289980-3343559(-),chr5:3309223-3310448,-32417,1
NR_168911,L5108,chr5:148581111-148590765(-),chr5:148633861-148635570,43950,2
NR_168916,L15329,chr7:29071606-29073656(+),chr7:29039253-29040388,-31786,1
NR_168924,L10140,chr13:37581065-37589313(+),chr13:37556846-37558015,-23635,2
NR_169024,L14422,chr9:25152026-25245580(+),chr9:25167408-25168229,15792,1
